TIME,V
2024/11/1 0:00,6.086385017730497
2024/11/1 0:15,6.080855476190478
2024/11/1 0:30,6.413887867063494
2024/11/1 0:45,6.637837960258321
2024/11/1 1:00,6.865676115318279
2024/11/1 1:15,7.13107766926946
2024/11/1 1:30,7.245367540748102
2024/11/1 1:45,7.367677961371211
2024/11/1 2:00,7.321370574399781
2024/11/1 2:15,7.161952818791601
2024/11/1 2:30,7.053742688885746
2024/11/1 2:45,6.952166453102455
2024/11/1 3:00,6.719535724032303
2024/11/1 3:15,6.283865476190473
2024/11/1 3:30,6.179598133440072
2024/11/1 3:45,5.478408683681148
2024/11/1 4:00,5.08351292851523
2024/11/1 4:15,4.553917668373329
2024/11/1 4:30,4.242047488072058
2024/11/1 4:45,3.815654289421996
2024/11/1 5:00,3.63619611848056
2024/11/1 5:15,3.155867835000208
2024/11/1 5:30,2.850307825358336
2024/11/1 5:45,2.7438953673973674
2024/11/1 6:00,2.5608640562507032
2024/11/1 6:15,2.5736892936205717
2024/11/1 6:30,2.540469791424841
2024/11/1 6:45,2.640295318180411
2024/11/1 7:00,2.56986326022909
2024/11/1 7:15,2.586952304952507
2024/11/1 7:30,2.57086393868474
2024/11/1 7:45,2.7164921164481286
2024/11/1 8:00,2.9478833797893262
2024/11/1 8:15,3.141685821996852
2024/11/1 8:30,3.303215975257685
2024/11/1 8:45,3.4884014461532966
2024/11/1 9:00,3.649605317460318
2024/11/1 9:15,3.927967484459985
2024/11/1 9:30,4.326530931132208
2024/11/1 9:45,4.6806479511772565
2024/11/1 10:00,4.883219545454548
2024/11/1 10:15,5.177908362376869
2024/11/1 10:30,5.448226659543923
2024/11/1 10:45,5.991496215577899
2024/11/1 11:00,6.255521772345304
2024/11/1 11:15,6.511678031477909
2024/11/1 11:30,6.73751342445228
2024/11/1 11:45,7.1455534793039135
2024/11/1 12:00,7.101542983288371
2024/11/1 12:15,7.26817873027649
2024/11/1 12:30,7.41201494142374
2024/11/1 12:45,7.81686446823472
2024/11/1 13:00,8.030743486054341
2024/11/1 13:15,8.161268435033392
2024/11/1 13:30,8.196308880091806
2024/11/1 13:45,8.336817867539558
2024/11/1 14:00,8.325595741758244
2024/11/1 14:15,8.280567060632727
2024/11/1 14:30,8.230579394381296
2024/11/1 14:45,8.250303678266176
2024/11/1 15:00,8.214633903704087
2024/11/1 15:15,8.111192468857348
2024/11/1 15:30,8.052923774860876
2024/11/1 15:45,8.04928252586275
2024/11/1 16:00,7.88626410275947
2024/11/1 16:15,7.861037621000858
2024/11/1 16:30,7.869816481779461
2024/11/1 16:45,7.876024567723057
2024/11/1 17:00,7.799978792288463
2024/11/1 17:15,7.960938516895851
2024/11/1 17:30,8.059664018395921
2024/11/1 17:45,8.167918714511863
2024/11/1 18:00,8.155405567154848
2024/11/1 18:15,8.235441808769258
2024/11/1 18:30,8.422756408624052
2024/11/1 18:45,8.572887268912327
2024/11/1 19:00,8.610099911220495
2024/11/1 19:15,8.612855581331749
2024/11/1 19:30,8.616557694074078
2024/11/1 19:45,8.608814626276267
2024/11/1 20:00,8.500051058336087
2024/11/1 20:15,8.472844120550231
2024/11/1 20:30,7.995591488887032
2024/11/1 20:45,7.821916453982279
2024/11/1 21:00,7.808309901428748
2024/11/1 21:15,7.096035312811657
2024/11/1 21:30,6.734604999999999
2024/11/1 21:45,6.321493744570497
2024/11/1 22:00,6.2452147612494695
2024/11/1 22:15,5.911706133791754
2024/11/1 22:30,5.484817871231741
2024/11/1 22:45,5.213969803422634
2024/11/1 23:00,5.298880966810965
2024/11/1 23:15,5.36004876984127
2024/11/1 23:30,5.613105189582785
2024/11/1 23:45,5.90378812386358
2024/11/2 0:00,6.385262471139971
2024/11/2 0:15,6.891401626984129
2024/11/2 0:30,7.441960992063493
2024/11/2 0:45,7.692408656898658
2024/11/2 1:00,8.303085657252103
2024/11/2 1:15,8.610642103237915
2024/11/2 1:30,8.535927311341881
2024/11/2 1:45,8.420245527594739
2024/11/2 2:00,7.923045954019781
2024/11/2 2:15,7.4475251665435644
2024/11/2 2:30,6.945158366190958
2024/11/2 2:45,6.699271120604541
2024/11/2 3:00,5.415785234440267
2024/11/2 3:15,4.631680923520923
2024/11/2 3:30,4.184049052054153
2024/11/2 3:45,3.3729105801565584
2024/11/2 4:00,2.772840151959152
2024/11/2 4:15,2.3410892016806715
2024/11/2 4:30,1.9697103499278503
2024/11/2 4:45,1.822389198883992
2024/11/2 5:00,1.7249620280089968
2024/11/2 5:15,1.6675401477769634
2024/11/2 5:30,1.697841481156247
2024/11/2 5:45,1.79144660669668
2024/11/2 6:00,2.1062262698773684
2024/11/2 6:15,2.1607635865358352
2024/11/2 6:30,2.4722754441140165
2024/11/2 6:45,2.73072522212673
2024/11/2 7:00,2.807761600380902
2024/11/2 7:15,3.392139654931337
2024/11/2 7:30,3.8899503978421
2024/11/2 7:45,4.278850625963791
2024/11/2 8:00,4.729205133265428
2024/11/2 8:15,4.926959011527686
2024/11/2 8:30,5.124711997587934
2024/11/2 8:45,5.537472761119832
2024/11/2 9:00,5.734488259097725
2024/11/2 9:15,5.865493888453836
2024/11/2 9:30,5.950751105423567
2024/11/2 9:45,5.887275472494432
2024/11/2 10:00,5.785164504535192
2024/11/2 10:15,5.289110284435227
2024/11/2 10:30,5.070264915458934
2024/11/2 10:45,4.877259180338172
2024/11/2 11:00,4.601310941405767
2024/11/2 11:15,4.406819106422576
2024/11/2 11:30,3.925444673131056
2024/11/2 11:45,3.628269152628061
2024/11/2 12:00,3.2405000751360764
2024/11/2 12:15,2.8849434520271013
2024/11/2 12:30,2.6456132386167983
2024/11/2 12:45,2.5223890043290043
2024/11/2 13:00,2.3242487562447054
2024/11/2 13:15,1.9961040532619905
2024/11/2 13:30,2.0303964215521977
2024/11/2 13:45,1.9979135383342717
2024/11/2 14:00,2.1630445784881305
2024/11/2 14:15,2.2759622961040598
2024/11/2 14:30,2.3754652155451264
2024/11/2 14:45,2.454493281051516
2024/11/2 15:00,2.77328913630394
2024/11/2 15:15,3.197859521821395
2024/11/2 15:30,3.28599179885946
2024/11/2 15:45,3.652012320371065
2024/11/2 16:00,4.001287558945716
2024/11/2 16:15,4.427128485777148
2024/11/2 16:30,4.807063355599066
2024/11/2 16:45,5.135541644815556
2024/11/2 17:00,5.569136892276514
2024/11/2 17:15,6.017882693732027
2024/11/2 17:30,6.1463709853831
2024/11/2 17:45,6.53914243777871
2024/11/2 18:00,6.816321800985306
2024/11/2 18:15,7.013501925188206
2024/11/2 18:30,7.177440867561654
2024/11/2 18:45,7.317769387447247
2024/11/2 19:00,7.415956378805069
2024/11/2 19:15,7.563557615440117
2024/11/2 19:30,7.320040830329894
2024/11/2 19:45,7.205705460720035
2024/11/2 20:00,6.783243789987158
2024/11/2 20:15,6.579004520202019
2024/11/2 20:30,6.358537557720059
2024/11/2 20:45,6.181566594516595
2024/11/2 21:00,5.746965263205974
2024/11/2 21:15,5.571502396902284
2024/11/2 21:30,5.1309048591637705
2024/11/2 21:45,4.715137468194834
2024/11/2 22:00,4.579070029158915
2024/11/2 22:15,4.317184496797903
2024/11/2 22:30,4.648329691526048
2024/11/2 22:45,4.280308789192165
2024/11/2 23:00,4.528597236494471
2024/11/2 23:15,4.707592463982263
2024/11/2 23:30,5.141938532064591
2024/11/2 23:45,5.626862137107317
2024/11/3 0:00,6.210285947562449
2024/11/3 0:15,6.770954539752297
2024/11/3 0:30,7.456285675344975
2024/11/3 0:45,7.828394282099481
2024/11/3 1:00,8.2452975156139
2024/11/3 1:15,8.443637658197499
2024/11/3 1:30,8.478911564104214
2024/11/3 1:45,8.331917589338765
2024/11/3 2:00,8.035531370091894
2024/11/3 2:15,7.471637623852817
2024/11/3 2:30,6.846085615586283
2024/11/3 2:45,6.148641024464561
2024/11/3 3:00,5.648887838464536
2024/11/3 3:15,4.61043420168067
2024/11/3 3:30,3.9554380492873142
2024/11/3 3:45,3.3378081404706417
2024/11/3 4:00,2.759173443043885
2024/11/3 4:15,2.2886771883139234
2024/11/3 4:30,1.9984881474034808
2024/11/3 4:45,1.7397010290607684
2024/11/3 5:00,1.683444634870202
2024/11/3 5:15,1.6612363477120058
2024/11/3 5:30,1.6800823242487235
2024/11/3 5:45,1.7931533455728594
2024/11/3 6:00,1.9249272369411004
2024/11/3 6:15,2.195880671208307
2024/11/3 6:30,2.5299999439879413
2024/11/3 6:45,2.7489116333489974
2024/11/3 7:00,3.100935754969141
2024/11/3 7:15,3.442750307891592
2024/11/3 7:30,3.8028353359100944
2024/11/3 7:45,4.2134202483947565
2024/11/3 8:00,4.50461107066688
2024/11/3 8:15,4.8614523254067725
2024/11/3 8:30,5.245154077577142
2024/11/3 8:45,5.482738694596398
2024/11/3 9:00,5.659258748103553
2024/11/3 9:15,5.781619960845604
2024/11/3 9:30,5.774015294823593
2024/11/3 9:45,5.642842942087658
2024/11/3 10:00,5.526745919004375
2024/11/3 10:15,5.548820694707371
2024/11/3 10:30,5.20808785517471
2024/11/3 10:45,4.983782355006492
2024/11/3 11:00,4.628956911821972
2024/11/3 11:15,4.243915010369327
2024/11/3 11:30,3.819067523368446
2024/11/3 11:45,3.495049130465587
2024/11/3 12:00,3.221620357947308
2024/11/3 12:15,2.9640457971331533
2024/11/3 12:30,2.6859897584517998
2024/11/3 12:45,2.352812856744711
2024/11/3 13:00,2.2322926820543025
2024/11/3 13:15,2.169480943865645
2024/11/3 13:30,2.017708366738745
2024/11/3 13:45,2.063640546228238
2024/11/3 14:00,2.0698372152340543
2024/11/3 14:15,2.2185918469198502
2024/11/3 14:30,2.329454533658053
2024/11/3 14:45,2.501228819169536
2024/11/3 15:00,2.873578467156232
2024/11/3 15:15,2.9752392165888386
2024/11/3 15:30,3.2649056809543207
2024/11/3 15:45,3.469560131018965
2024/11/3 16:00,3.911729873894688
2024/11/3 16:15,4.445115435035118
2024/11/3 16:30,4.730661484110016
2024/11/3 16:45,5.069693525268313
2024/11/3 17:00,5.500684362571829
2024/11/3 17:15,5.790354184695157
2024/11/3 17:30,6.334746176200664
2024/11/3 17:45,6.489038125720645
2024/11/3 18:00,6.913381584220175
2024/11/3 18:15,7.128166684904365
2024/11/3 18:30,7.24475300926846
2024/11/3 18:45,7.264966492106636
2024/11/3 19:00,7.341606419357471
2024/11/3 19:15,7.202478920427945
2024/11/3 19:30,7.192441594681201
2024/11/3 19:45,7.005130434688976
2024/11/3 20:00,6.841277736196758
2024/11/3 20:15,6.485826248405517
2024/11/3 20:30,6.329548150778513
2024/11/3 20:45,5.970461880110641
2024/11/3 21:00,5.698785150094527
2024/11/3 21:15,5.280496866984141
2024/11/3 21:30,4.937971342208817
2024/11/3 21:45,4.736812185427777
2024/11/3 22:00,4.478368442668443
2024/11/3 22:15,4.402001815764962
2024/11/3 22:30,4.2911568002674585
2024/11/3 22:45,4.312320015429908
2024/11/3 23:00,4.44164339603837
2024/11/3 23:15,4.743451713054853
2024/11/3 23:30,5.16157228824356
2024/11/3 23:45,5.641813901202506
2024/11/4 0:00,6.229652026836768
2024/11/4 0:15,6.8196438253758185
2024/11/4 0:30,7.365396643820599
2024/11/4 0:45,7.542371893772451
2024/11/4 1:00,8.20397323730449
2024/11/4 1:15,8.505007880147037
2024/11/4 1:30,8.462398259475531
2024/11/4 1:45,8.385704377133903
2024/11/4 2:00,7.889427881778761
2024/11/4 2:15,7.537115215083043
2024/11/4 2:30,6.922931016987597
2024/11/4 2:45,6.162862595069824
2024/11/4 3:00,5.346706047694995
2024/11/4 3:15,4.664292435064935
2024/11/4 3:30,3.98885667607065
2024/11/4 3:45,3.299935740829221
2024/11/4 4:00,2.7882228432459364
2024/11/4 4:15,2.3499127767398877
2024/11/4 4:30,2.0347140414957847
2024/11/4 4:45,1.810550443991672
2024/11/4 5:00,1.7474437454710552
2024/11/4 5:15,1.7171160288097709
2024/11/4 5:30,1.7432079308012252
2024/11/4 5:45,1.82143634238785
2024/11/4 6:00,1.9774985502176847
2024/11/4 6:15,2.1475691817365936
2024/11/4 6:30,2.438192852368216
2024/11/4 6:45,2.600157475757549
2024/11/4 7:00,3.0149788220246254
2024/11/4 7:15,3.405349281159673
2024/11/4 7:30,3.736601363210795
2024/11/4 7:45,4.0859228608850175
2024/11/4 8:00,4.62359520989223
2024/11/4 8:15,4.91810598060321
2024/11/4 8:30,5.222876437712484
2024/11/4 8:45,5.554599706910566
2024/11/4 9:00,5.68951535775357
2024/11/4 9:15,5.779893494615586
2024/11/4 9:30,5.783032272626303
2024/11/4 9:45,5.669765810055392
2024/11/4 10:00,5.594393136634681
2024/11/4 10:15,5.45443814800882
2024/11/4 10:30,5.312951780868298
2024/11/4 10:45,4.962068392873343
2024/11/4 11:00,4.619920711295952
2024/11/4 11:15,4.189351897575367
2024/11/4 11:30,3.915943562458722
2024/11/4 11:45,3.5296249785591662
2024/11/4 12:00,3.2062946806518
2024/11/4 12:15,2.9221382255589656
2024/11/4 12:30,2.68611250364376
2024/11/4 12:45,2.40876725320298
2024/11/4 13:00,2.264306617029701
2024/11/4 13:15,2.137765828322931
2024/11/4 13:30,2.0312711306754943
2024/11/4 13:45,2.060640981447533
2024/11/4 14:00,2.053338062968421
2024/11/4 14:15,2.163960449222246
2024/11/4 14:30,2.2333550031172944
2024/11/4 14:45,2.432566112770959
2024/11/4 15:00,2.748656166393884
2024/11/4 15:15,2.995498045598423
2024/11/4 15:30,3.2460698674717587
2024/11/4 15:45,3.6163892874393366
2024/11/4 16:00,4.03137440092286
2024/11/4 16:15,4.407275100797131
2024/11/4 16:30,4.70964548174528
2024/11/4 16:45,5.108575827032607
2024/11/4 17:00,5.568877095052327
2024/11/4 17:15,5.987786681940787
2024/11/4 17:30,6.306126468352625
2024/11/4 17:45,6.543294364832751
2024/11/4 18:00,6.875603150836079
2024/11/4 18:15,7.045241436000294
2024/11/4 18:30,7.150722410695312
2024/11/4 18:45,7.235863058017645
2024/11/4 19:00,7.3222260057242945
2024/11/4 19:15,7.28537922912881
2024/11/4 19:30,7.157292520931858
2024/11/4 19:45,6.976497418497976
2024/11/4 20:00,6.809081118268408
2024/11/4 20:15,6.5260709798735
2024/11/4 20:30,6.242292877235576
2024/11/4 20:45,5.977132634269367
2024/11/4 21:00,5.675264035212125
2024/11/4 21:15,5.265045114767112
2024/11/4 21:30,4.948792836309874
2024/11/4 21:45,4.716734644145811
2024/11/4 22:00,4.458260787659862
2024/11/4 22:15,4.264997357348865
2024/11/4 22:30,4.292191789229863
2024/11/4 22:45,4.361625419877374
2024/11/4 23:00,4.5201440398134745
2024/11/4 23:15,4.817375681656178
2024/11/4 23:30,5.15145898552953
2024/11/4 23:45,5.668649713011282
2024/11/5 0:00,6.21935061315503
2024/11/5 0:15,6.749793630952377
2024/11/5 0:30,7.112444588759587
2024/11/5 0:45,7.709940147789966
2024/11/5 1:00,8.24251640876245
2024/11/5 1:15,8.674879912438088
2024/11/5 1:30,8.704918749001337
2024/11/5 1:45,8.64917301012199
2024/11/5 2:00,8.059742063492065
2024/11/5 2:15,7.550637552217429
2024/11/5 2:30,7.045903327678683
2024/11/5 2:45,6.112732862111922
2024/11/5 3:00,5.488068506294696
2024/11/5 3:15,4.690399534632035
2024/11/5 3:30,4.033956694445904
2024/11/5 3:45,3.3008024279083488
2024/11/5 4:00,2.7367950983983333
2024/11/5 4:15,2.4310039088672464
2024/11/5 4:30,2.0510464436323925
2024/11/5 4:45,1.842575086125748
2024/11/5 5:00,1.7573950439429036
2024/11/5 5:15,1.74319585626394
2024/11/5 5:30,1.7401339549449897
2024/11/5 5:45,1.8291642466301608
2024/11/5 6:00,1.9985625667224645
2024/11/5 6:15,2.1914949538138173
2024/11/5 6:30,2.410261740973306
2024/11/5 6:45,2.7637809218739493
2024/11/5 7:00,3.029059023898926
2024/11/5 7:15,3.473525374091667
2024/11/5 7:30,3.858074855338923
2024/11/5 7:45,4.377249785040731
2024/11/5 8:00,4.568565535403103
2024/11/5 8:15,4.884330997223581
2024/11/5 8:30,5.155899582470438
2024/11/5 8:45,5.613764051147748
2024/11/5 9:00,5.726655959584353
2024/11/5 9:15,5.747784552386034
2024/11/5 9:30,5.813179287638686
2024/11/5 9:45,5.744667235428089
2024/11/5 10:00,5.620309606921327
2024/11/5 10:15,5.546104807003217
2024/11/5 10:30,5.354084455289949
2024/11/5 10:45,4.832024565042832
2024/11/5 11:00,4.611161015744284
2024/11/5 11:15,4.300589420665428
2024/11/5 11:30,3.8890002777376287
2024/11/5 11:45,3.508003309988468
2024/11/5 12:00,3.170990890870822
2024/11/5 12:15,2.9464678250522445
2024/11/5 12:30,2.756285477886081
2024/11/5 12:45,2.422690372269903
2024/11/5 13:00,2.24386481724022
2024/11/5 13:15,2.1284346178449303
2024/11/5 13:30,2.0454921463988485
2024/11/5 13:45,2.049254636008557
2024/11/5 14:00,2.0617097204168
2024/11/5 14:15,2.169671332087103
2024/11/5 14:30,2.344445127165926
2024/11/5 14:45,2.471955545373904
2024/11/5 15:00,2.816413421452296
2024/11/5 15:15,2.955963481568133
2024/11/5 15:30,3.181422584429951
2024/11/5 15:45,3.7299778632606135
2024/11/5 16:00,4.073978099293102
2024/11/5 16:15,4.409659091298791
2024/11/5 16:30,4.821169955716332
2024/11/5 16:45,5.149455646667144
2024/11/5 17:00,5.562768840902855
2024/11/5 17:15,5.909027329312115
2024/11/5 17:30,6.275448965935521
2024/11/5 17:45,6.547003581002961
2024/11/5 18:00,6.796716426875553
2024/11/5 18:15,6.911554749910963
2024/11/5 18:30,7.180773568280852
2024/11/5 18:45,7.310547534266463
2024/11/5 19:00,7.307628795366627
2024/11/5 19:15,7.17357052849746
2024/11/5 19:30,7.135798333410911
2024/11/5 19:45,6.996216573369139
2024/11/5 20:00,6.794055128466284
2024/11/5 20:15,6.451825778358439
2024/11/5 20:30,6.073411069796346
2024/11/5 20:45,5.902877531633477
2024/11/5 21:00,5.694424355082831
2024/11/5 21:15,5.306199162071025
2024/11/5 21:30,4.832406722762748
2024/11/5 21:45,4.70120581038973
2024/11/5 22:00,4.464289240262307
2024/11/5 22:15,4.25214094245183
2024/11/5 22:30,4.226144783133642
2024/11/5 22:45,4.315326043819026
2024/11/5 23:00,4.485520804201942
2024/11/5 23:15,4.736017245616496
2024/11/5 23:30,5.15396951933605
2024/11/5 23:45,5.690916440330564
2024/11/6 0:00,6.091703069171573
2024/11/6 0:15,6.747399488852669
2024/11/6 0:30,7.2702766676722
2024/11/6 0:45,7.8500888455988465
2024/11/6 1:00,8.070531077740801
2024/11/6 1:15,8.509617742602712
2024/11/6 1:30,8.458456227761623
2024/11/6 1:45,8.388175159820797
2024/11/6 2:00,7.909653244438004
2024/11/6 2:15,7.509647904173048
2024/11/6 2:30,6.952400667085076
2024/11/6 2:45,6.221751138031143
2024/11/6 3:00,5.460076207287808
2024/11/6 3:15,4.623531428571428
2024/11/6 3:30,3.9458301623376646
2024/11/6 3:45,3.280336587871194
2024/11/6 4:00,2.738351035710935
2024/11/6 4:15,2.378402845348665
2024/11/6 4:30,2.047480626301802
2024/11/6 4:45,1.757503000333
2024/11/6 5:00,1.7742228960156896
2024/11/6 5:15,1.6956266205932509
2024/11/6 5:30,1.721839758095518
2024/11/6 5:45,1.7560211505161505
2024/11/6 6:00,1.9161796120975685
2024/11/6 6:15,2.181728825645489
2024/11/6 6:30,2.455763635220418
2024/11/6 6:45,2.735398286278281
2024/11/6 7:00,3.127134885854195
2024/11/6 7:15,3.444283696932145
2024/11/6 7:30,3.858342216232449
2024/11/6 7:45,4.207687315883736
2024/11/6 8:00,4.535601484426673
2024/11/6 8:15,4.824832299622424
2024/11/6 8:30,5.185114674550382
2024/11/6 8:45,5.538495319350757
2024/11/6 9:00,5.656026351814314
2024/11/6 9:15,5.771173517793808
2024/11/6 9:30,5.845151949725439
2024/11/6 9:45,5.753135531230704
2024/11/6 10:00,5.702730756234362
2024/11/6 10:15,5.614649002893377
2024/11/6 10:30,5.032493776691638
2024/11/6 10:45,4.9079970704475055
2024/11/6 11:00,4.593694308848148
2024/11/6 11:15,4.252242086524393
2024/11/6 11:30,3.892590781268507
2024/11/6 11:45,3.53006958638208
2024/11/6 12:00,3.236003385758188
2024/11/6 12:15,2.945067838737823
2024/11/6 12:30,2.4593947975546238
2024/11/6 12:45,2.420415175248597
2024/11/6 13:00,2.233323857288037
2024/11/6 13:15,2.2216156562056404
2024/11/6 13:30,2.012554284720538
2024/11/6 13:45,2.04548037215894
2024/11/6 14:00,2.077632607334027
2024/11/6 14:15,2.1776501685483285
2024/11/6 14:30,2.386655587022685
2024/11/6 14:45,2.447174067874796
2024/11/6 15:00,2.686564980841183
2024/11/6 15:15,2.941700445595448
2024/11/6 15:30,3.273465851422098
2024/11/6 15:45,3.642049043191246
2024/11/6 16:00,4.014422727782962
2024/11/6 16:15,4.320860362635429
2024/11/6 16:30,4.696382936694794
2024/11/6 16:45,5.225636086645994
2024/11/6 17:00,5.556818991223471
2024/11/6 17:15,5.93370285516117
2024/11/6 17:30,6.213700844749623
2024/11/6 17:45,6.489209992506403
2024/11/6 18:00,6.7917681281089735
2024/11/6 18:15,7.109448548908736
2024/11/6 18:30,7.196531862875056
2024/11/6 18:45,7.277478096805663
2024/11/6 19:00,7.27056045183646
2024/11/6 19:15,7.156562841603662
2024/11/6 19:30,7.153439705091688
2024/11/6 19:45,7.0308527285701965
2024/11/6 20:00,6.801242877140782
2024/11/6 20:15,6.400931026496164
2024/11/6 20:30,6.194535514694952
2024/11/6 20:45,5.968002067148928
2024/11/6 21:00,5.593825894966081
2024/11/6 21:15,5.288638589772714
2024/11/6 21:30,4.972249016898789
2024/11/6 21:45,4.758404829405354
2024/11/6 22:00,4.482467912867199
2024/11/6 22:15,4.276773109677654
2024/11/6 22:30,4.225043958618662
2024/11/6 22:45,4.297449615174557
2024/11/6 23:00,4.46793482665855
2024/11/6 23:15,4.727603290517769
2024/11/6 23:30,5.198586465951037
2024/11/6 23:45,5.6475968758084045
2024/11/7 0:00,5.855064405929677
2024/11/7 0:15,6.003214996082351
2024/11/7 0:30,6.242755668767508
2024/11/7 0:45,6.523477213064712
2024/11/7 1:00,7.045148761607286
2024/11/7 1:15,6.982244573451636
2024/11/7 1:30,7.158034340098531
2024/11/7 1:45,7.292060637155293
2024/11/7 2:00,7.292820992123614
2024/11/7 2:15,7.24980984657483
2024/11/7 2:30,7.010157033284599
2024/11/7 2:45,6.642403308432718
2024/11/7 3:00,6.5199301656324495
2024/11/7 3:15,6.213030475336524
2024/11/7 3:30,5.652336790800409
2024/11/7 3:45,5.399746959494543
2024/11/7 4:00,5.02057643287564
2024/11/7 4:15,4.581034370172314
2024/11/7 4:30,4.211220698603363
2024/11/7 4:45,3.806941905235771
2024/11/7 5:00,3.362649217231234
2024/11/7 5:15,3.119736683000033
2024/11/7 5:30,2.887012748294425
2024/11/7 5:45,2.720132950767487
2024/11/7 6:00,2.585080593816437
2024/11/7 6:15,2.3999470427318483
2024/11/7 6:30,2.4682159294463704
2024/11/7 6:45,2.4422816405800223
2024/11/7 7:00,2.524432375357076
2024/11/7 7:15,2.495972238292389
2024/11/7 7:30,2.616089376103561
2024/11/7 7:45,2.702535990808053
2024/11/7 8:00,2.7527959427202844
2024/11/7 8:15,3.146022401972731
2024/11/7 8:30,3.114548412698413
2024/11/7 8:45,3.3685994163763078
2024/11/7 9:00,3.669133252030625
2024/11/7 9:15,3.927912150208036
2024/11/7 9:30,4.311305488856911
2024/11/7 9:45,4.529602972924949
2024/11/7 10:00,4.800452658736159
2024/11/7 10:15,5.255265404631068
2024/11/7 10:30,5.4910548375567005
2024/11/7 10:45,5.742428201554941
2024/11/7 11:00,6.08075664660685
2024/11/7 11:15,6.288523021434365
2024/11/7 11:30,6.611001886086139
2024/11/7 11:45,6.8044779863339295
2024/11/7 12:00,7.065618253968256
2024/11/7 12:15,7.399728015873018
2024/11/7 12:30,7.564220494864615
2024/11/7 12:45,7.932890984450329
2024/11/7 13:00,7.9953911409278415
2024/11/7 13:15,8.091307885122655
2024/11/7 13:30,8.174817573741167
2024/11/7 13:45,8.262940558389676
2024/11/7 14:00,8.30429644707643
2024/11/7 14:15,8.328246820752597
2024/11/7 14:30,8.294057866041735
2024/11/7 14:45,8.310237690218617
2024/11/7 15:00,8.198335635713804
2024/11/7 15:15,8.181788832972579
2024/11/7 15:30,7.934791683472457
2024/11/7 15:45,7.904702269224465
2024/11/7 16:00,7.924238609133244
2024/11/7 16:15,7.817713599514136
2024/11/7 16:30,7.854483369851481
2024/11/7 16:45,7.840205624929379
2024/11/7 17:00,7.84207836080586
2024/11/7 17:15,7.836721603030713
2024/11/7 17:30,7.91436906800262
2024/11/7 17:45,7.961988176076326
2024/11/7 18:00,8.179705921596884
2024/11/7 18:15,8.225955067307677
2024/11/7 18:30,8.349812025801
2024/11/7 18:45,8.513068660237494
2024/11/7 19:00,8.499422941557704
2024/11/7 19:15,8.558918716277745
2024/11/7 19:30,8.587951176815505
2024/11/7 19:45,8.577086564966459
2024/11/7 20:00,8.352583370606517
2024/11/7 20:15,8.074212630145015
2024/11/7 20:30,7.8424527892251135
2024/11/7 20:45,7.168078655087012
2024/11/7 21:00,7.22030782113745
2024/11/7 21:15,6.923666932817604
2024/11/7 21:30,6.495588983883969
2024/11/7 21:45,6.117229820029186
2024/11/7 22:00,5.896761950246442
2024/11/7 22:15,5.57639305629696
2024/11/7 22:30,5.408815991925889
2024/11/7 22:45,4.887709628149627
2024/11/7 23:00,5.143071138863572
2024/11/7 23:15,5.184153125901875
2024/11/7 23:30,5.335131197691197
2024/11/7 23:45,5.488695119047617
2024/11/8 0:00,5.7814895272533
2024/11/8 0:15,6.060238901610514
2024/11/8 0:30,6.427454360102246
2024/11/8 0:45,6.612194787039504
2024/11/8 1:00,6.665866524727752
2024/11/8 1:15,6.919311896199356
2024/11/8 1:30,7.15344115008179
2024/11/8 1:45,7.264290642192162
2024/11/8 2:00,7.265745104292388
2024/11/8 2:15,7.2687751124736915
2024/11/8 2:30,7.0788889438097815
2024/11/8 2:45,6.852673543429915
2024/11/8 3:00,6.596728107168495
2024/11/8 3:15,6.127876523197764
2024/11/8 3:30,5.84817052965485
2024/11/8 3:45,5.480112152767097
2024/11/8 4:00,5.03830933637071
2024/11/8 4:15,4.537851421964396
2024/11/8 4:30,4.213553512118811
2024/11/8 4:45,3.8005959116637142
2024/11/8 5:00,3.4834723875759166
2024/11/8 5:15,3.1822307271411274
2024/11/8 5:30,2.871738908461905
2024/11/8 5:45,2.7021967607718387
2024/11/8 6:00,2.562453583158429
2024/11/8 6:15,2.467416803720497
2024/11/8 6:30,2.396551146859413
2024/11/8 6:45,2.402452679073185
2024/11/8 7:00,2.4919886250845926
2024/11/8 7:15,2.556711292440014
2024/11/8 7:30,2.557233761100767
2024/11/8 7:45,2.690848458069642
2024/11/8 8:00,2.808869962125038
2024/11/8 8:15,3.006933043024228
2024/11/8 8:30,3.345803969826699
2024/11/8 8:45,3.5403468768115958
2024/11/8 9:00,3.768827643320993
2024/11/8 9:15,4.088955988650264
2024/11/8 9:30,4.303860288546846
2024/11/8 9:45,4.657442295693552
2024/11/8 10:00,4.920000488765995
2024/11/8 10:15,5.238728628088816
2024/11/8 10:30,5.493965519528803
2024/11/8 10:45,5.784860631528534
2024/11/8 11:00,6.092234720173742
2024/11/8 11:15,6.342054196422067
2024/11/8 11:30,6.659186594940655
2024/11/8 11:45,6.916963626357517
2024/11/8 12:00,7.194563302408398
2024/11/8 12:15,7.4407190919248976
2024/11/8 12:30,7.594370405179079
2024/11/8 12:45,7.786527916001003
2024/11/8 13:00,7.922324117604652
2024/11/8 13:15,8.069239813654962
2024/11/8 13:30,8.155387674022013
2024/11/8 13:45,8.22451114293388
2024/11/8 14:00,8.249388981923872
2024/11/8 14:15,8.198108076181065
2024/11/8 14:30,8.201117687585329
2024/11/8 14:45,8.1812038785578
2024/11/8 15:00,8.180167662167857
2024/11/8 15:15,8.088712202231065
2024/11/8 15:30,8.018211350552543
2024/11/8 15:45,7.922976873260421
2024/11/8 16:00,7.922808188569499
2024/11/8 16:15,7.839670594904938
2024/11/8 16:30,7.858459292435387
2024/11/8 16:45,7.844847241986702
2024/11/8 17:00,7.861192363823351
2024/11/8 17:15,7.880538177452494
2024/11/8 17:30,7.942055517271611
2024/11/8 17:45,8.000843527412066
2024/11/8 18:00,8.167968559040654
2024/11/8 18:15,8.414891850245557
2024/11/8 18:30,8.430630035658789
2024/11/8 18:45,8.452176988150738
2024/11/8 19:00,8.576771177610922
2024/11/8 19:15,8.576952170557817
2024/11/8 19:30,8.57707563831544
2024/11/8 19:45,8.528962719215082
2024/11/8 20:00,8.226691066547831
2024/11/8 20:15,8.17096877578304
2024/11/8 20:30,8.162086785871132
2024/11/8 20:45,7.417668290043285
2024/11/8 21:00,7.321112475080108
2024/11/8 21:15,6.851331341195243
2024/11/8 21:30,6.5662007210676
2024/11/8 21:45,6.2007997208265895
2024/11/8 22:00,6.029081729364131
2024/11/8 22:15,5.706044071639825
2024/11/8 22:30,5.266480526248536
2024/11/8 22:45,5.211263409558455
2024/11/8 23:00,5.165006204051797
2024/11/8 23:15,5.199464817821069
2024/11/8 23:30,5.318888210678213
2024/11/8 23:45,5.527121505713395
2024/11/9 0:00,6.225926038951813
2024/11/9 0:15,6.721153066378066
2024/11/9 0:30,7.435588928571426
2024/11/9 0:45,7.834288066378066
2024/11/9 1:00,8.201050277777776
2024/11/9 1:15,8.413163242386267
2024/11/9 1:30,8.421831474010142
2024/11/9 1:45,8.336512433383609
2024/11/9 2:00,8.043897296240209
2024/11/9 2:15,7.528985506569496
2024/11/9 2:30,6.9122252738541325
2024/11/9 2:45,6.195738686868687
2024/11/9 3:00,5.444885687134504
2024/11/9 3:15,4.622955357142859
2024/11/9 3:30,3.94791738095238
2024/11/9 3:45,3.3758992852980367
2024/11/9 4:00,2.867654610389609
2024/11/9 4:15,2.389388658617683
2024/11/9 4:30,1.974567636471716
2024/11/9 4:45,1.7362375351837704
2024/11/9 5:00,1.5448114206778183
2024/11/9 5:15,1.5573214827355892
2024/11/9 5:30,1.5966308484257397
2024/11/9 5:45,1.7216819810179749
2024/11/9 6:00,2.0037828709396828
2024/11/9 6:15,2.1933750704573622
2024/11/9 6:30,2.357394446910733
2024/11/9 6:45,2.712473792797218
2024/11/9 7:00,3.0358904404108955
2024/11/9 7:15,3.1359294290922457
2024/11/9 7:30,3.70475120914101
2024/11/9 7:45,4.119874404761905
2024/11/9 8:00,4.60648093073593
2024/11/9 8:15,4.896565778026947
2024/11/9 8:30,5.18049808681929
2024/11/9 8:45,5.493769578679462
2024/11/9 9:00,5.598339606317712
2024/11/9 9:15,5.623872368885239
2024/11/9 9:30,5.7576212511819085
2024/11/9 9:45,5.71716644243566
2024/11/9 10:00,5.715401013592729
2024/11/9 10:15,5.563009274216478
2024/11/9 10:30,5.229799838431704
2024/11/9 10:45,5.002994680380487
2024/11/9 11:00,4.625192654307786
2024/11/9 11:15,4.280755610776409
2024/11/9 11:30,3.71517849460074
2024/11/9 11:45,3.41017290617849
2024/11/9 12:00,3.3200876587301598
2024/11/9 12:15,2.7973261130553304
2024/11/9 12:30,2.6312832032600704
2024/11/9 12:45,2.517912999719336
2024/11/9 13:00,2.285267552813616
2024/11/9 13:15,2.074645287377255
2024/11/9 13:30,2.0369045110822803
2024/11/9 13:45,2.0498191445408973
2024/11/9 14:00,2.1207733314772272
2024/11/9 14:15,2.216320337092079
2024/11/9 14:30,2.267118659902024
2024/11/9 14:45,2.438850742542576
2024/11/9 15:00,2.75811632357279
2024/11/9 15:15,2.9836356582989976
2024/11/9 15:30,3.272971013188737
2024/11/9 15:45,3.667093704542295
2024/11/9 16:00,3.9917765133508816
2024/11/9 16:15,4.404825074612201
2024/11/9 16:30,4.928721570651572
2024/11/9 16:45,5.32368660494972
2024/11/9 17:00,5.640507592093086
2024/11/9 17:15,5.971556219139338
2024/11/9 17:30,6.229922806213397
2024/11/9 17:45,6.624029750619557
2024/11/9 18:00,6.792550744730438
2024/11/9 18:15,7.059140374938424
2024/11/9 18:30,7.161664629621885
2024/11/9 18:45,7.288779334067691
2024/11/9 19:00,7.255821349487514
2024/11/9 19:15,7.257797876303478
2024/11/9 19:30,7.178694942696981
2024/11/9 19:45,7.070550186758891
2024/11/9 20:00,6.681955463542993
2024/11/9 20:15,6.717762738095235
2024/11/9 20:30,6.2126823015873
2024/11/9 20:45,6.030596904761905
2024/11/9 21:00,5.673729715357805
2024/11/9 21:15,5.213770466506287
2024/11/9 21:30,4.93259530825248
2024/11/9 21:45,4.622022872766758
2024/11/9 22:00,4.438497110815659
2024/11/9 22:15,4.30885543913186
2024/11/9 22:30,4.311471344166566
2024/11/9 22:45,4.36449171370283
2024/11/9 23:00,4.528472187359145
2024/11/9 23:15,4.6961250477174135
2024/11/9 23:30,5.161360236567913
2024/11/9 23:45,5.680168265597907
2024/11/10 0:00,6.073262577813908
2024/11/10 0:15,6.82655604096299
2024/11/10 0:30,7.22055064458364
2024/11/10 0:45,7.866826836219336
2024/11/10 1:00,8.132877238778763
2024/11/10 1:15,8.479825311739345
2024/11/10 1:30,8.43373458939796
2024/11/10 1:45,8.342936901273445
2024/11/10 2:00,7.992019939610611
2024/11/10 2:15,7.538067816929003
2024/11/10 2:30,6.846226583440605
2024/11/10 2:45,6.145470518423625
2024/11/10 3:00,5.45527160442444
2024/11/10 3:15,4.6028053571428575
2024/11/10 3:30,4.012954703313545
2024/11/10 3:45,3.36075709552874
2024/11/10 4:00,2.8521733539589924
2024/11/10 4:15,2.371203571784153
2024/11/10 4:30,1.998607787363708
2024/11/10 4:45,1.762750329448329
2024/11/10 5:00,1.554731355788575
2024/11/10 5:15,1.605231189005604
2024/11/10 5:30,1.6480357156919765
2024/11/10 5:45,1.800649670203898
2024/11/10 6:00,1.936301200853613
2024/11/10 6:15,2.209683760232337
2024/11/10 6:30,2.524074560616065
2024/11/10 6:45,2.755370928265561
2024/11/10 7:00,2.978021949048669
2024/11/10 7:15,3.439168348899593
2024/11/10 7:30,3.8748177635944807
2024/11/10 7:45,4.205391124146602
2024/11/10 8:00,4.6216348584538025
2024/11/10 8:15,4.891093492648827
2024/11/10 8:30,5.137914931378646
2024/11/10 8:45,5.555322308443248
2024/11/10 9:00,5.707854086390129
2024/11/10 9:15,5.715571760067028
2024/11/10 9:30,5.742019003934525
2024/11/10 9:45,5.61811327794957
2024/11/10 10:00,5.622045555486221
2024/11/10 10:15,5.5402535644273385
2024/11/10 10:30,5.476685477493205
2024/11/10 10:45,5.350385111615496
2024/11/10 11:00,4.648025022185799
2024/11/10 11:15,4.282048623328154
2024/11/10 11:30,3.921213937594664
2024/11/10 11:45,3.553225897436881
2024/11/10 12:00,3.2163630964551224
2024/11/10 12:15,3.002777900114592
2024/11/10 12:30,2.637090422848092
2024/11/10 12:45,2.479040645551531
2024/11/10 13:00,2.1372558592148367
2024/11/10 13:15,2.1101558492314814
2024/11/10 13:30,2.040850198044123
2024/11/10 13:45,2.0570875588046067
2024/11/10 14:00,2.228863487374994
2024/11/10 14:15,2.178964611468693
2024/11/10 14:30,2.333840401482494
2024/11/10 14:45,2.4331471226904906
2024/11/10 15:00,2.7469244047780843
2024/11/10 15:15,2.978875453237518
2024/11/10 15:30,3.159244933570266
2024/11/10 15:45,3.6010687195357205
2024/11/10 16:00,3.9272625058275055
2024/11/10 16:15,4.3524021492064575
2024/11/10 16:30,4.6993379156990445
2024/11/10 16:45,5.188475313224784
2024/11/10 17:00,5.672408617735191
2024/11/10 17:15,5.935302893827343
2024/11/10 17:30,6.223566144229218
2024/11/10 17:45,6.438344790706491
2024/11/10 18:00,6.783741481418306
2024/11/10 18:15,6.935836321088674
2024/11/10 18:30,7.100288823339041
2024/11/10 18:45,7.250513136958524
2024/11/10 19:00,7.269476665341333
2024/11/10 19:15,7.263270975249338
2024/11/10 19:30,7.1470328244624906
2024/11/10 19:45,7.0482580756112885
2024/11/10 20:00,6.909224101774352
2024/11/10 20:15,6.451303093496022
2024/11/10 20:30,6.330901028207134
2024/11/10 20:45,5.977641465108681
2024/11/10 21:00,5.619983398095193
2024/11/10 21:15,5.258098094480305
2024/11/10 21:30,4.989028754593252
2024/11/10 21:45,4.660283274908517
2024/11/10 22:00,4.448806451352667
2024/11/10 22:15,4.30895317817221
2024/11/10 22:30,4.30709503854098
2024/11/10 22:45,4.367578745993431
2024/11/10 23:00,4.578670768448335
2024/11/10 23:15,4.809436508549657
2024/11/10 23:30,5.364414197267557
2024/11/10 23:45,5.629403038636138
2024/11/11 0:00,6.0463034466875
2024/11/11 0:15,6.720485103542127
2024/11/11 0:30,7.347361653160568
2024/11/11 0:45,7.850083311965813
2024/11/11 1:00,8.207210281809694
2024/11/11 1:15,8.48103485479378
2024/11/11 1:30,8.409260461347491
2024/11/11 1:45,8.397989081861304
2024/11/11 2:00,7.922791801311432
2024/11/11 2:15,7.53205231829332
2024/11/11 2:30,6.8957857911841165
2024/11/11 2:45,6.124377263124374
2024/11/11 3:00,5.42284746050733
2024/11/11 3:15,4.662477673160173
2024/11/11 3:30,3.94933557577768
2024/11/11 3:45,3.367210338048395
2024/11/11 4:00,2.8350101536397903
2024/11/11 4:15,2.3027769936350206
2024/11/11 4:30,2.055428134080832
2024/11/11 4:45,1.8511719194748608
2024/11/11 5:00,1.7452024960883676
2024/11/11 5:15,1.790130665390165
2024/11/11 5:30,1.742669171376912
2024/11/11 5:45,1.8234377038376792
2024/11/11 6:00,2.0033726592417485
2024/11/11 6:15,2.215948482595909
2024/11/11 6:30,2.423731930807085
2024/11/11 6:45,2.716757440714359
2024/11/11 7:00,3.1151137220350376
2024/11/11 7:15,3.412849591417493
2024/11/11 7:30,3.721567420422715
2024/11/11 7:45,4.176213639051295
2024/11/11 8:00,4.419643150059306
2024/11/11 8:15,4.725020407492019
2024/11/11 8:30,5.198356143169366
2024/11/11 8:45,5.477679437719088
2024/11/11 9:00,5.647133457758945
2024/11/11 9:15,5.76045818987395
2024/11/11 9:30,5.756559934422001
2024/11/11 9:45,5.747834047610215
2024/11/11 10:00,5.627658765491234
2024/11/11 10:15,5.26882746458497
2024/11/11 10:30,5.22538833574796
2024/11/11 10:45,4.795684021267494
2024/11/11 11:00,4.614141487282335
2024/11/11 11:15,4.1808843396741215
2024/11/11 11:30,3.855413001147105
2024/11/11 11:45,3.5422985611642788
2024/11/11 12:00,3.1731188084363717
2024/11/11 12:15,2.888895714948014
2024/11/11 12:30,2.6704085254895533
2024/11/11 12:45,2.413469965688943
2024/11/11 13:00,2.2666958518310447
2024/11/11 13:15,2.124962135790021
2024/11/11 13:30,2.0211783866521587
2024/11/11 13:45,2.0608568498892303
2024/11/11 14:00,2.0474406529078144
2024/11/11 14:15,2.1723397332205843
2024/11/11 14:30,2.2131389118876017
2024/11/11 14:45,2.5090430345178047
2024/11/11 15:00,2.774873250937667
2024/11/11 15:15,2.9469543721222315
2024/11/11 15:30,3.257421835018454
2024/11/11 15:45,3.5429041549727094
2024/11/11 16:00,4.007357897988739
2024/11/11 16:15,4.39225422524266
2024/11/11 16:30,4.809247311986527
2024/11/11 16:45,5.287741024376078
2024/11/11 17:00,5.509049483707835
2024/11/11 17:15,5.922148722246566
2024/11/11 17:30,6.126984506165883
2024/11/11 17:45,6.540924902183008
2024/11/11 18:00,6.800345411644554
2024/11/11 18:15,6.985967493713113
2024/11/11 18:30,7.145982443078841
2024/11/11 18:45,7.313088930543065
2024/11/11 19:00,7.296959997474314
2024/11/11 19:15,7.265289157250948
2024/11/11 19:30,7.0734838102507815
2024/11/11 19:45,7.064931729827915
2024/11/11 20:00,6.695572427539739
2024/11/11 20:15,6.597153154750603
2024/11/11 20:30,6.293906576837848
2024/11/11 20:45,5.9641032297000685
2024/11/11 21:00,5.647324821223258
2024/11/11 21:15,5.2776967394003
2024/11/11 21:30,4.866825560886446
2024/11/11 21:45,4.7056906826307445
2024/11/11 22:00,4.456574302080401
2024/11/11 22:15,4.229915574049444
2024/11/11 22:30,4.443631249691234
2024/11/11 22:45,4.329536165315567
2024/11/11 23:00,4.489618932275272
2024/11/11 23:15,4.845954380696604
2024/11/11 23:30,5.112860634110405
2024/11/11 23:45,5.344708729519036
2024/11/12 0:00,6.226900863153029
2024/11/12 0:15,6.832727427907381
2024/11/12 0:30,7.410908521840563
2024/11/12 0:45,7.904435009157506
2024/11/12 1:00,8.207828882996164
2024/11/12 1:15,8.531231379868949
2024/11/12 1:30,8.480890713955661
2024/11/12 1:45,8.38889016685392
2024/11/12 2:00,8.024695040246474
2024/11/12 2:15,7.525282903713933
2024/11/12 2:30,6.904280871706707
2024/11/12 2:45,6.200883073728313
2024/11/12 3:00,5.430823575073399
2024/11/12 3:15,4.598161226836887
2024/11/12 3:30,3.885928719672485
2024/11/12 3:45,3.291450944055646
2024/11/12 4:00,2.6869967296918777
2024/11/12 4:15,2.268760486643615
2024/11/12 4:30,2.0431493653263475
2024/11/12 4:45,1.8093567544138869
2024/11/12 5:00,1.781442134243464
2024/11/12 5:15,1.7950353478882513
2024/11/12 5:30,1.7449939520112867
2024/11/12 5:45,1.807648970150222
2024/11/12 6:00,1.953603580103678
2024/11/12 6:15,2.3567405475410794
2024/11/12 6:30,2.608405257416718
2024/11/12 6:45,2.815464327631145
2024/11/12 7:00,2.9064298738178933
2024/11/12 7:15,3.3935041395623
2024/11/12 7:30,3.8208072413900513
2024/11/12 7:45,4.191857873000311
2024/11/12 8:00,4.558246483557986
2024/11/12 8:15,4.944389158719203
2024/11/12 8:30,5.177612729063021
2024/11/12 8:45,5.486505003403384
2024/11/12 9:00,5.704652313470234
2024/11/12 9:15,5.78856822177677
2024/11/12 9:30,5.720844177873637
2024/11/12 9:45,5.758484288916443
2024/11/12 10:00,5.424677439632166
2024/11/12 10:15,5.396503043668172
2024/11/12 10:30,4.942827469223952
2024/11/12 10:45,4.972071158905307
2024/11/12 11:00,4.529124512153061
2024/11/12 11:15,4.047996813828625
2024/11/12 11:30,3.861351810360506
2024/11/12 11:45,3.4990002066000896
2024/11/12 12:00,3.2163789360572714
2024/11/12 12:15,2.922551017012257
2024/11/12 12:30,2.692207970350379
2024/11/12 12:45,2.467928972829415
2024/11/12 13:00,2.2748416851865567
2024/11/12 13:15,2.1605805204892152
2024/11/12 13:30,2.024418161641976
2024/11/12 13:45,2.045364629527686
2024/11/12 14:00,2.083099321147972
2024/11/12 14:15,2.1949508880489708
2024/11/12 14:30,2.2485658918538087
2024/11/12 14:45,2.401280134790916
2024/11/12 15:00,2.5953903064081385
2024/11/12 15:15,3.021917974289195
2024/11/12 15:30,3.2083023926352205
2024/11/12 15:45,3.633739499395949
2024/11/12 16:00,4.006778660245261
2024/11/12 16:15,4.374499675974048
2024/11/12 16:30,4.752235319140429
2024/11/12 16:45,5.164734317060226
2024/11/12 17:00,5.5125836599218045
2024/11/12 17:15,5.859085806163176
2024/11/12 17:30,6.236548555319356
2024/11/12 17:45,6.449327800715937
2024/11/12 18:00,6.794323219023934
2024/11/12 18:15,7.052233401275243
2024/11/12 18:30,7.179348204123244
2024/11/12 18:45,7.2932454207078194
2024/11/12 19:00,7.255486538442721
2024/11/12 19:15,7.239911583758731
2024/11/12 19:30,7.183017283144348
2024/11/12 19:45,7.045566265790507
2024/11/12 20:00,6.8636166690000495
2024/11/12 20:15,6.567828857709719
2024/11/12 20:30,6.2061456946299
2024/11/12 20:45,6.119343128273897
2024/11/12 21:00,5.661249526915486
2024/11/12 21:15,5.271561102432625
2024/11/12 21:30,4.926115329209999
2024/11/12 21:45,4.672231520880541
2024/11/12 22:00,4.471642187891109
2024/11/12 22:15,4.321931308359809
2024/11/12 22:30,4.237048651343395
2024/11/12 22:45,4.3721058644201545
2024/11/12 23:00,4.632956470604558
2024/11/12 23:15,4.75730920602555
2024/11/12 23:30,5.18206291898813
2024/11/12 23:45,5.561842477719203
2024/11/13 0:00,6.213084816956691
2024/11/13 0:15,6.768352667808703
2024/11/13 0:30,7.308455038052244
2024/11/13 0:45,7.863609574072878
2024/11/13 1:00,8.177906784334949
2024/11/13 1:15,8.57238630687899
2024/11/13 1:30,8.544039653420906
2024/11/13 1:45,8.45481354454616
2024/11/13 2:00,8.079343237628382
2024/11/13 2:15,7.538734845784379
2024/11/13 2:30,6.897425533326952
2024/11/13 2:45,6.095967473979824
2024/11/13 3:00,5.361712237283914
2024/11/13 3:15,4.558194502442004
2024/11/13 3:30,3.9427922011646768
2024/11/13 3:45,3.281918740643415
2024/11/13 4:00,2.7703897262386734
2024/11/13 4:15,2.3258465079365087
2024/11/13 4:30,1.9849342605188929
2024/11/13 4:45,1.892714917828911
2024/11/13 5:00,1.680137209553899
2024/11/13 5:15,1.6802729381263493
2024/11/13 5:30,1.7402878772936676
2024/11/13 5:45,1.8709371668988173
2024/11/13 6:00,2.118081042579711
2024/11/13 6:15,2.205356575118397
2024/11/13 6:30,2.4566863018821503
2024/11/13 6:45,2.728435294889295
2024/11/13 7:00,3.079087961364426
2024/11/13 7:15,3.433783158223615
2024/11/13 7:30,3.8420575256134777
2024/11/13 7:45,4.213094301561318
2024/11/13 8:00,4.622148719079641
2024/11/13 8:15,4.951942206234864
2024/11/13 8:30,5.155150283263198
2024/11/13 8:45,5.510446028252867
2024/11/13 9:00,5.500707696508918
2024/11/13 9:15,5.7546838390334525
2024/11/13 9:30,5.890524424740795
2024/11/13 9:45,5.76078415700264
2024/11/13 10:00,5.452172327227767
2024/11/13 10:15,5.390328719613435
2024/11/13 10:30,5.146983247387579
2024/11/13 10:45,4.826685741661511
2024/11/13 11:00,4.525633361986579
2024/11/13 11:15,4.176920332164176
2024/11/13 11:30,3.89128986705758
2024/11/13 11:45,3.4986321032260204
2024/11/13 12:00,3.192788550882594
2024/11/13 12:15,2.9980893833419224
2024/11/13 12:30,2.756990343766144
2024/11/13 12:45,2.4824630218281816
2024/11/13 13:00,2.2804831958864766
2024/11/13 13:15,2.055925960438956
2024/11/13 13:30,2.0768233575974224
2024/11/13 13:45,2.0937098124143083
2024/11/13 14:00,2.1009874855622845
2024/11/13 14:15,2.170107979033266
2024/11/13 14:30,2.1101652860626494
2024/11/13 14:45,2.439795596396736
2024/11/13 15:00,2.682089428797919
2024/11/13 15:15,2.9031388473401565
2024/11/13 15:30,3.2743643831518567
2024/11/13 15:45,3.528909819853957
2024/11/13 16:00,3.944527257612628
2024/11/13 16:15,4.280744266818707
2024/11/13 16:30,4.768476169938567
2024/11/13 16:45,5.17647157741827
2024/11/13 17:00,5.517629376721953
2024/11/13 17:15,5.756669642012789
2024/11/13 17:30,6.141847978861793
2024/11/13 17:45,6.526522555391815
2024/11/13 18:00,6.830807749653016
2024/11/13 18:15,6.98873807217126
2024/11/13 18:30,7.131781090116297
2024/11/13 18:45,7.255655889694947
2024/11/13 19:00,7.308497048134139
2024/11/13 19:15,7.315578202675946
2024/11/13 19:30,7.138217314935597
2024/11/13 19:45,7.047266121958895
2024/11/13 20:00,6.750527538993262
2024/11/13 20:15,6.4969497360984905
2024/11/13 20:30,6.298455186616118
2024/11/13 20:45,5.993428448257998
2024/11/13 21:00,5.687831339649172
2024/11/13 21:15,5.2056531301537055
2024/11/13 21:30,4.92662842191035
2024/11/13 21:45,4.639433316205099
2024/11/13 22:00,4.420351448384051
2024/11/13 22:15,4.302045119915779
2024/11/13 22:30,4.220440307967574
2024/11/13 22:45,4.372024830129064
2024/11/13 23:00,4.456757509988308
2024/11/13 23:15,4.787730157193734
2024/11/13 23:30,5.165132489276984
2024/11/13 23:45,5.570524338474591
2024/11/14 0:00,5.933683435882406
2024/11/14 0:15,6.045511118542467
2024/11/14 0:30,6.273321864878239
2024/11/14 0:45,6.391530196078432
2024/11/14 1:00,6.979549516499163
2024/11/14 1:15,7.0360885260373855
2024/11/14 1:30,7.196863043508767
2024/11/14 1:45,7.265275226920763
2024/11/14 2:00,7.253594364196513
2024/11/14 2:15,7.230519234185087
2024/11/14 2:30,7.094497385044085
2024/11/14 2:45,6.729020212467272
2024/11/14 3:00,6.438491884228166
2024/11/14 3:15,6.238590207335128
2024/11/14 3:30,5.798117339218513
2024/11/14 3:45,5.450518184474999
2024/11/14 4:00,5.029460574672579
2024/11/14 4:15,4.350607253400195
2024/11/14 4:30,4.12833088227582
2024/11/14 4:45,3.5975026089076096
2024/11/14 5:00,3.2101780891080383
2024/11/14 5:15,2.9918993727701007
2024/11/14 5:30,2.83241088808539
2024/11/14 5:45,2.60436887451333
2024/11/14 6:00,2.4695487477196
2024/11/14 6:15,2.4434324776989675
2024/11/14 6:30,2.3920033044676154
2024/11/14 6:45,2.4666404289307398
2024/11/14 7:00,2.466127726214433
2024/11/14 7:15,2.608280754967312
2024/11/14 7:30,2.6260443950647705
2024/11/14 7:45,2.7377750523088027
2024/11/14 8:00,2.902879138583637
2024/11/14 8:15,3.037950262153312
2024/11/14 8:30,3.325063985705384
2024/11/14 8:45,3.5339729532715944
2024/11/14 9:00,3.744789947233429
2024/11/14 9:15,4.125640945145655
2024/11/14 9:30,4.372425410724685
2024/11/14 9:45,4.450484671550067
2024/11/14 10:00,4.733333789874724
2024/11/14 10:15,5.255878205684099
2024/11/14 10:30,5.485783636709715
2024/11/14 10:45,5.662239323990828
2024/11/14 11:00,5.89537654574367
2024/11/14 11:15,6.180518375678685
2024/11/14 11:30,6.372773886002886
2024/11/14 11:45,6.747270521978022
2024/11/14 12:00,7.327704773016997
2024/11/14 12:15,7.230965205627704
2024/11/14 12:30,7.6630906548568385
2024/11/14 12:45,7.944516629989787
2024/11/14 13:00,7.992257966380727
2024/11/14 13:15,8.095540309207944
2024/11/14 13:30,8.168386616263245
2024/11/14 13:45,8.240314059935038
2024/11/14 14:00,8.306533303516552
2024/11/14 14:15,8.308923793758101
2024/11/14 14:30,8.310092877768367
2024/11/14 14:45,8.304396042069305
2024/11/14 15:00,8.137135843314823
2024/11/14 15:15,8.109496766585021
2024/11/14 15:30,8.017420832353627
2024/11/14 15:45,7.962417787632693
2024/11/14 16:00,7.8968673436556625
2024/11/14 16:15,7.838626681175312
2024/11/14 16:30,7.845555059508591
2024/11/14 16:45,7.870668788439665
2024/11/14 17:00,7.868213060282188
2024/11/14 17:15,7.856003114483332
2024/11/14 17:30,7.885260671792725
2024/11/14 17:45,7.940033521638894
2024/11/14 18:00,8.137323165028493
2024/11/14 18:15,8.276344587354512
2024/11/14 18:30,8.411866173116103
2024/11/14 18:45,8.51923470376526
2024/11/14 19:00,8.543315154119401
2024/11/14 19:15,8.543215021411713
2024/11/14 19:30,8.549968535967128
2024/11/14 19:45,8.546052654651092
2024/11/14 20:00,8.320476194286293
2024/11/14 20:15,8.131959487833544
2024/11/14 20:30,8.031579169645715
2024/11/14 20:45,7.770583524690714
2024/11/14 21:00,7.325227918607506
2024/11/14 21:15,7.035283522246861
2024/11/14 21:30,6.590171324705063
2024/11/14 21:45,6.159109307722619
2024/11/14 22:00,5.799608453183993
2024/11/14 22:15,5.546582274757823
2024/11/14 22:30,5.385757158333906
2024/11/14 22:45,5.268681525837012
2024/11/14 23:00,5.129703106801195
2024/11/14 23:15,5.164720288494185
2024/11/14 23:30,5.317022074314574
2024/11/14 23:45,5.495000106731539
2024/11/15 0:00,5.672177266459031
2024/11/15 0:15,5.99964176322464
2024/11/15 0:30,6.222275983788929
2024/11/15 0:45,6.624906863362288
2024/11/15 1:00,6.8698600389685565
2024/11/15 1:15,7.008824863585711
2024/11/15 1:30,7.20608385663641
2024/11/15 1:45,7.2155300064817345
2024/11/15 2:00,7.282862604584203
2024/11/15 2:15,7.2200742364859005
2024/11/15 2:30,7.1282683312526185
2024/11/15 2:45,6.7442368541831295
2024/11/15 3:00,6.552967838574822
2024/11/15 3:15,6.275868872086961
2024/11/15 3:30,5.815613527617173
2024/11/15 3:45,5.433182914124481
2024/11/15 4:00,5.002679521256601
2024/11/15 4:15,4.564540333043626
2024/11/15 4:30,4.147206326125193
2024/11/15 4:45,3.718561325031735
2024/11/15 5:00,3.375711542089773
2024/11/15 5:15,3.1757918976350554
2024/11/15 5:30,2.809116930968126
2024/11/15 5:45,2.7015997027450247
2024/11/15 6:00,2.543812324346301
2024/11/15 6:15,2.455524755943694
2024/11/15 6:30,2.461599801881235
2024/11/15 6:45,2.43186831762526
2024/11/15 7:00,2.4870698105406386
2024/11/15 7:15,2.532932516912473
2024/11/15 7:30,2.599092128900626
2024/11/15 7:45,2.7159969075069825
2024/11/15 8:00,2.836966371401794
2024/11/15 8:15,3.1564072302250605
2024/11/15 8:30,3.2517637797619035
2024/11/15 8:45,3.3708536751401703
2024/11/15 9:00,3.854475678020739
2024/11/15 9:15,3.8575077531299695
2024/11/15 9:30,4.09900740583233
2024/11/15 9:45,4.4656019940282645
2024/11/15 10:00,4.948154850492134
2024/11/15 10:15,5.310666432488676
2024/11/15 10:30,5.491200690427705
2024/11/15 10:45,5.873756835961235
2024/11/15 11:00,6.092606063867325
2024/11/15 11:15,6.180275925261599
2024/11/15 11:30,6.7606675440864015
2024/11/15 11:45,6.901412381581323
2024/11/15 12:00,7.079586623206774
2024/11/15 12:15,7.350645604948806
2024/11/15 12:30,7.4740065352789715
2024/11/15 12:45,7.730343104316071
2024/11/15 13:00,7.926181519473357
2024/11/15 13:15,7.924039203107181
2024/11/15 13:30,8.103084450307167
2024/11/15 13:45,8.22782924185529
2024/11/15 14:00,8.252139612900047
2024/11/15 14:15,8.265535966381263
2024/11/15 14:30,8.25135381313131
2024/11/15 14:45,8.199022318448842
2024/11/15 15:00,8.132332025124013
2024/11/15 15:15,8.160260544224345
2024/11/15 15:30,8.073859042862278
2024/11/15 15:45,7.884792722305483
2024/11/15 16:00,7.850492509144466
2024/11/15 16:15,7.838729583545653
2024/11/15 16:30,7.856639064581807
2024/11/15 16:45,7.8276515637365955
2024/11/15 17:00,7.848309383221823
2024/11/15 17:15,7.844824316339828
2024/11/15 17:30,7.884715682187528
2024/11/15 17:45,7.972049632242792
2024/11/15 18:00,8.14935322860765
2024/11/15 18:15,8.307392144799644
2024/11/15 18:30,8.536266428047139
2024/11/15 18:45,8.552498061659785
2024/11/15 19:00,8.563179864548399
2024/11/15 19:15,8.562506832368193
2024/11/15 19:30,8.624857481969775
2024/11/15 19:45,8.561207455888116
2024/11/15 20:00,8.377313439428118
2024/11/15 20:15,8.252423986291483
2024/11/15 20:30,7.95336683947973
2024/11/15 20:45,7.64448960299598
2024/11/15 21:00,7.239241778265503
2024/11/15 21:15,6.791686915029414
2024/11/15 21:30,6.5270915376439325
2024/11/15 21:45,6.101770136907772
2024/11/15 22:00,5.915960785459158
2024/11/15 22:15,5.668231795682069
2024/11/15 22:30,5.333279204493984
2024/11/15 22:45,5.218407496741
2024/11/15 23:00,5.190882844780491
2024/11/15 23:15,5.210594136002884
2024/11/15 23:30,5.296575945165944
2024/11/15 23:45,5.425234047619046
2024/11/16 0:00,6.161395807148875
2024/11/16 0:15,6.82885758658009
2024/11/16 0:30,7.317042579365082
2024/11/16 0:45,7.9000225
2024/11/16 1:00,8.211886893977365
2024/11/16 1:15,8.435561657966213
2024/11/16 1:30,8.477687555528334
2024/11/16 1:45,8.344526933740976
2024/11/16 2:00,8.037485576441107
2024/11/16 2:15,7.389643585157682
2024/11/16 2:30,6.906878866148936
2024/11/16 2:45,6.214444072871573
2024/11/16 3:00,5.533380786435784
2024/11/16 3:15,4.666630396825396
2024/11/16 3:30,3.934250867996738
2024/11/16 3:45,3.3430097979797977
2024/11/16 4:00,2.827732644300144
2024/11/16 4:15,2.406505072337374
2024/11/16 4:30,2.180483253968255
2024/11/16 4:45,1.9030759374013784
2024/11/16 5:00,1.7695739761296363
2024/11/16 5:15,1.757885896072892
2024/11/16 5:30,1.7529744558902018
2024/11/16 5:45,1.7858564644677657
2024/11/16 6:00,1.9959814313401087
2024/11/16 6:15,2.4423930352705865
2024/11/16 6:30,2.3942995264121527
2024/11/16 6:45,2.7078367810570243
2024/11/16 7:00,3.205754476207813
2024/11/16 7:15,3.3874963046727045
2024/11/16 7:30,4.014197834554335
2024/11/16 7:45,4.200970342712842
2024/11/16 8:00,4.520653236139591
2024/11/16 8:15,4.946443572432205
2024/11/16 8:30,5.178378681011969
2024/11/16 8:45,5.516101062248888
2024/11/16 9:00,5.689074887496056
2024/11/16 9:15,5.655530738054417
2024/11/16 9:30,5.7590221889817
2024/11/16 9:45,5.73953672662017
2024/11/16 10:00,5.6612566981102646
2024/11/16 10:15,5.464987393042276
2024/11/16 10:30,5.148734766875424
2024/11/16 10:45,4.905362736541133
2024/11/16 11:00,4.485386118437842
2024/11/16 11:15,4.3284601589098335
2024/11/16 11:30,3.841271295518209
2024/11/16 11:45,3.5025341757880746
2024/11/16 12:00,3.2246253906836198
2024/11/16 12:15,2.8314615327066788
2024/11/16 12:30,2.6981501530866114
2024/11/16 12:45,2.4288477806589954
2024/11/16 13:00,2.213033406119973
2024/11/16 13:15,2.10854568936558
2024/11/16 13:30,1.9778439165085355
2024/11/16 13:45,2.079479419717289
2024/11/16 14:00,2.1897388213619933
2024/11/16 14:15,2.211493235171345
2024/11/16 14:30,2.309706385672695
2024/11/16 14:45,2.378285805019132
2024/11/16 15:00,2.7534272560441697
2024/11/16 15:15,3.014098481642488
2024/11/16 15:30,3.31151474327884
2024/11/16 15:45,3.6512488041189903
2024/11/16 16:00,4.030774561680297
2024/11/16 16:15,4.407482901169518
2024/11/16 16:30,4.783272485446107
2024/11/16 16:45,5.1662504057208505
2024/11/16 17:00,5.510563180220982
2024/11/16 17:15,6.023645192650565
2024/11/16 17:30,6.295630335011392
2024/11/16 17:45,6.607268382673492
2024/11/16 18:00,7.033040865894428
2024/11/16 18:15,7.113452172084277
2024/11/16 18:30,7.222907689497995
2024/11/16 18:45,7.274296887469526
2024/11/16 19:00,7.262991345634507
2024/11/16 19:15,7.190284285100732
2024/11/16 19:30,7.1015582061894085
2024/11/16 19:45,7.046983548563366
2024/11/16 20:00,6.7789502882922354
2024/11/16 20:15,6.62291007936508
2024/11/16 20:30,6.3435790764790765
2024/11/16 20:45,6.023576210713953
2024/11/16 21:00,5.540830779009484
2024/11/16 21:15,5.438930911643858
2024/11/16 21:30,5.012176639066584
2024/11/16 21:45,4.648809840001936
2024/11/16 22:00,4.481539216276525
2024/11/16 22:15,4.361136884823717
2024/11/16 22:30,4.269635436340365
2024/11/16 22:45,4.330969586647558
2024/11/16 23:00,4.423490085629239
2024/11/16 23:15,4.626361382422056
2024/11/16 23:30,5.048490065701444
2024/11/16 23:45,5.412272191354991
2024/11/17 0:00,6.180208888655844
2024/11/17 0:15,6.845914591223081
2024/11/17 0:30,7.357870409812349
2024/11/17 0:45,7.793813978466235
2024/11/17 1:00,8.147885909719799
2024/11/17 1:15,8.600168047722756
2024/11/17 1:30,8.5582748245073
2024/11/17 1:45,8.395077552477511
2024/11/17 2:00,8.036331700872223
2024/11/17 2:15,7.484831171380891
2024/11/17 2:30,6.9005949016032
2024/11/17 2:45,6.133489654638711
2024/11/17 3:00,5.324039343152212
2024/11/17 3:15,4.6794076587301605
2024/11/17 3:30,3.9598071857141774
2024/11/17 3:45,3.2847818878576573
2024/11/17 4:00,2.773059281555312
2024/11/17 4:15,2.3704022179729005
2024/11/17 4:30,2.0425352915742927
2024/11/17 4:45,1.8440761995090964
2024/11/17 5:00,1.695979669806254
2024/11/17 5:15,1.677984112029045
2024/11/17 5:30,1.7078118414406749
2024/11/17 5:45,1.8160450367927417
2024/11/17 6:00,2.232366672466489
2024/11/17 6:15,2.155227884944056
2024/11/17 6:30,2.527100693077392
2024/11/17 6:45,3.049447122375206
2024/11/17 7:00,3.1270812041911014
2024/11/17 7:15,3.4088822885585364
2024/11/17 7:30,4.01084978585611
2024/11/17 7:45,4.224146535796269
2024/11/17 8:00,4.554041960759032
2024/11/17 8:15,4.847403903328555
2024/11/17 8:30,5.161725996616491
2024/11/17 8:45,5.502721952427971
2024/11/17 9:00,5.698091197457431
2024/11/17 9:15,5.735297500274595
2024/11/17 9:30,5.937764610168359
2024/11/17 9:45,5.759651757663864
2024/11/17 10:00,5.622249094499559
2024/11/17 10:15,5.3522598455841015
2024/11/17 10:30,5.20097931175465
2024/11/17 10:45,4.978367513441034
2024/11/17 11:00,4.649220370920459
2024/11/17 11:15,4.260854000198667
2024/11/17 11:30,3.931637344596479
2024/11/17 11:45,3.5012739765916563
2024/11/17 12:00,3.2245911967386656
2024/11/17 12:15,2.900400688301685
2024/11/17 12:30,2.663677498924054
2024/11/17 12:45,2.421788643137015
2024/11/17 13:00,2.294195800744439
2024/11/17 13:15,2.1999705688716387
2024/11/17 13:30,2.0487719489910527
2024/11/17 13:45,2.0709108296141308
2024/11/17 14:00,2.127148814703526
2024/11/17 14:15,2.149728556118311
2024/11/17 14:30,2.341892857526293
2024/11/17 14:45,2.4361378370923514
2024/11/17 15:00,2.7755495330087574
2024/11/17 15:15,3.00763383414499
2024/11/17 15:30,3.2598799611604385
2024/11/17 15:45,3.6398298444091655
2024/11/17 16:00,3.9454496207266
2024/11/17 16:15,4.430895964019577
2024/11/17 16:30,4.769424953308979
2024/11/17 16:45,5.137025235768147
2024/11/17 17:00,5.558965447351512
2024/11/17 17:15,5.863143220179762
2024/11/17 17:30,6.210291959432811
2024/11/17 17:45,6.6248199487113855
2024/11/17 18:00,6.804223003187506
2024/11/17 18:15,7.006690463916232
2024/11/17 18:30,7.166276364031115
2024/11/17 18:45,7.305542874427626
2024/11/17 19:00,7.31295748012928
2024/11/17 19:15,7.32662766619267
2024/11/17 19:30,7.168292507762093
2024/11/17 19:45,7.1781138046122
2024/11/17 20:00,6.722388607002724
2024/11/17 20:15,6.560687741224528
2024/11/17 20:30,6.215523096265556
2024/11/17 20:45,5.983236361842026
2024/11/17 21:00,5.702374938538371
2024/11/17 21:15,5.268044787624996
2024/11/17 21:30,4.959502573933987
2024/11/17 21:45,4.738805009971538
2024/11/17 22:00,4.590628654321629
2024/11/17 22:15,4.332475515825123
2024/11/17 22:30,4.28193600295639
2024/11/17 22:45,4.291387754551007
2024/11/17 23:00,4.537720206081757
2024/11/17 23:15,4.781450378366348
2024/11/17 23:30,5.168537782997427
2024/11/17 23:45,5.613187267946123
2024/11/18 0:00,6.288099152788834
2024/11/18 0:15,6.879023468522694
2024/11/18 0:30,7.311320492153094
2024/11/18 0:45,7.960741026509331
2024/11/18 1:00,8.264719981113657
2024/11/18 1:15,8.456020461671109
2024/11/18 1:30,8.515516788136924
2024/11/18 1:45,8.351201661832699
2024/11/18 2:00,8.054536378753943
2024/11/18 2:15,7.558211213353178
2024/11/18 2:30,6.919947306331466
2024/11/18 2:45,6.168001907228598
2024/11/18 3:00,5.485084929558745
2024/11/18 3:15,4.622431657509156
2024/11/18 3:30,4.009500966969467
2024/11/18 3:45,3.3188516264145216
2024/11/18 4:00,2.7860728676470603
2024/11/18 4:15,2.392224116451156
2024/11/18 4:30,2.005780448397747
2024/11/18 4:45,1.813625968579351
2024/11/18 5:00,1.7066670465707474
2024/11/18 5:15,1.6868162062137468
2024/11/18 5:30,1.7575608395258149
2024/11/18 5:45,1.851461673796425
2024/11/18 6:00,2.1099376776350214
2024/11/18 6:15,2.2429004991425545
2024/11/18 6:30,2.520201424663541
2024/11/18 6:45,2.702769062798572
2024/11/18 7:00,3.034701677456269
2024/11/18 7:15,3.4664258331138025
2024/11/18 7:30,3.843662140919238
2024/11/18 7:45,4.209117226831147
2024/11/18 8:00,4.706062118201817
2024/11/18 8:15,4.928124215269475
2024/11/18 8:30,5.180843443680503
2024/11/18 8:45,5.518359962969788
2024/11/18 9:00,5.65637386502665
2024/11/18 9:15,5.706430671483097
2024/11/18 9:30,5.807968506961419
2024/11/18 9:45,5.726450944483392
2024/11/18 10:00,5.639031291414394
2024/11/18 10:15,5.4920903191481525
2024/11/18 10:30,5.424401563684771
2024/11/18 10:45,4.967341716673779
2024/11/18 11:00,4.639439140619978
2024/11/18 11:15,4.177538014725263
2024/11/18 11:30,3.9344915857869096
2024/11/18 11:45,3.528764239325987
2024/11/18 12:00,3.2316107921254367
2024/11/18 12:15,2.878876978614047
2024/11/18 12:30,2.600268720158003
2024/11/18 12:45,2.431604768948453
2024/11/18 13:00,2.219279098147233
2024/11/18 13:15,2.1433211971475887
2024/11/18 13:30,2.0721007283019004
2024/11/18 13:45,2.0130033554543942
2024/11/18 14:00,2.0310068419093894
2024/11/18 14:15,2.174468716572957
2024/11/18 14:30,2.337582330937785
2024/11/18 14:45,2.399407485777464
2024/11/18 15:00,2.7684476185817437
2024/11/18 15:15,2.999266277710026
2024/11/18 15:30,3.3057606668873047
2024/11/18 15:45,3.684246801691785
2024/11/18 16:00,3.9717813013080256
2024/11/18 16:15,4.3987966984153415
2024/11/18 16:30,4.723126354062966
2024/11/18 16:45,5.173044897625618
2024/11/18 17:00,5.552516182443373
2024/11/18 17:15,5.972215449242371
2024/11/18 17:30,6.129685196737052
2024/11/18 17:45,6.5213051851804895
2024/11/18 18:00,6.894658497036286
2024/11/18 18:15,6.974888805438549
2024/11/18 18:30,7.193948861599477
2024/11/18 18:45,7.295506705411633
2024/11/18 19:00,7.290595192785514
2024/11/18 19:15,7.215506807710019
2024/11/18 19:30,7.165773903430603
2024/11/18 19:45,7.039534968198094
2024/11/18 20:00,6.912543874174472
2024/11/18 20:15,6.572747530944762
2024/11/18 20:30,6.352318649147992
2024/11/18 20:45,5.994928340225853
2024/11/18 21:00,5.563159711919213
2024/11/18 21:15,5.251474020398121
2024/11/18 21:30,5.016375174810743
2024/11/18 21:45,4.842383601418077
2024/11/18 22:00,4.522131029470749
2024/11/18 22:15,4.341293516335354
2024/11/18 22:30,4.274162227981172
2024/11/18 22:45,4.387483873033694
2024/11/18 23:00,4.509268192264615
2024/11/18 23:15,4.747209561623091
2024/11/18 23:30,5.187449591429914
2024/11/18 23:45,5.69840221524508
2024/11/19 0:00,6.215338620062976
2024/11/19 0:15,6.788897255847984
2024/11/19 0:30,7.319969964402163
2024/11/19 0:45,7.920051456043954
2024/11/19 1:00,8.180960423261809
2024/11/19 1:15,8.47289228330243
2024/11/19 1:30,8.50298276043118
2024/11/19 1:45,8.432398603122955
2024/11/19 2:00,7.882482684521758
2024/11/19 2:15,7.269319895955351
2024/11/19 2:30,6.813645036955786
2024/11/19 2:45,6.234083062938367
2024/11/19 3:00,5.7422335137226295
2024/11/19 3:15,4.91757189275625
2024/11/19 3:30,4.00723662899897
2024/11/19 3:45,3.312892861806069
2024/11/19 4:00,2.785149462759462
2024/11/19 4:15,2.381814400092941
2024/11/19 4:30,2.021152115628713
2024/11/19 4:45,1.6793321821466345
2024/11/19 5:00,1.6280906205495111
2024/11/19 5:15,1.6077050026127475
2024/11/19 5:30,1.608029068665787
2024/11/19 5:45,1.7056863190407858
2024/11/19 6:00,1.9398123743304625
2024/11/19 6:15,2.1594612294970355
2024/11/19 6:30,2.4193828073872856
2024/11/19 6:45,2.7336229962983616
2024/11/19 7:00,3.0214702604778245
2024/11/19 7:15,3.5071596879955007
2024/11/19 7:30,3.849182376872667
2024/11/19 7:45,4.161511655734692
2024/11/19 8:00,4.516283304028153
2024/11/19 8:15,4.993211570585975
2024/11/19 8:30,5.231748926706424
2024/11/19 8:45,5.529214309562869
2024/11/19 9:00,5.643298935368101
2024/11/19 9:15,5.773111840927323
2024/11/19 9:30,5.823194263786575
2024/11/19 9:45,5.735806185238658
2024/11/19 10:00,5.645103096682679
2024/11/19 10:15,5.542459458728875
2024/11/19 10:30,5.296981015035048
2024/11/19 10:45,4.845162421577092
2024/11/19 11:00,4.612528344199193
2024/11/19 11:15,4.237388101571595
2024/11/19 11:30,3.9143827762175705
2024/11/19 11:45,3.516531620238567
2024/11/19 12:00,3.1784431052447486
2024/11/19 12:15,2.839010244396569
2024/11/19 12:30,2.6319076026167187
2024/11/19 12:45,2.337048491243977
2024/11/19 13:00,2.180977137080588
2024/11/19 13:15,2.11469855118194
2024/11/19 13:30,2.091669440465245
2024/11/19 13:45,2.063237132571251
2024/11/19 14:00,2.0924415190326884
2024/11/19 14:15,2.1959575465860515
2024/11/19 14:30,2.3680031109109407
2024/11/19 14:45,2.3649178446477834
2024/11/19 15:00,2.724058599456653
2024/11/19 15:15,3.0023133751667013
2024/11/19 15:30,3.2965595342258136
2024/11/19 15:45,3.5996396562354764
2024/11/19 16:00,3.9420710031599127
2024/11/19 16:15,4.383778910851332
2024/11/19 16:30,4.7702424613697225
2024/11/19 16:45,5.066022707790913
2024/11/19 17:00,5.568486193922776
2024/11/19 17:15,5.636900459170362
2024/11/19 17:30,6.271353449404988
2024/11/19 17:45,6.604744862617643
2024/11/19 18:00,6.902204725660087
2024/11/19 18:15,6.9847759874725766
2024/11/19 18:30,7.189221584101897
2024/11/19 18:45,7.327508296621595
2024/11/19 19:00,7.313228170334114
2024/11/19 19:15,7.223714825865671
2024/11/19 19:30,7.105565651987941
2024/11/19 19:45,7.088977524880309
2024/11/19 20:00,6.800150033240794
2024/11/19 20:15,6.5552447432647565
2024/11/19 20:30,6.282515791858707
2024/11/19 20:45,5.936751063937329
2024/11/19 21:00,5.664361066039128
2024/11/19 21:15,5.267363595200147
2024/11/19 21:30,5.062424718146293
2024/11/19 21:45,4.68120517187097
2024/11/19 22:00,4.3985903195138185
2024/11/19 22:15,4.314573024751236
2024/11/19 22:30,4.231704173809758
2024/11/19 22:45,4.235459168475031
2024/11/19 23:00,4.50998328394897
2024/11/19 23:15,4.664620120196781
2024/11/19 23:30,5.182301328566622
2024/11/19 23:45,5.626505983892368
2024/11/20 0:00,6.245620446031707
2024/11/20 0:15,6.792910179861548
2024/11/20 0:30,7.327364864212587
2024/11/20 0:45,7.926391507556064
2024/11/20 1:00,8.2855252239947
2024/11/20 1:15,8.619229660332408
2024/11/20 1:30,8.517371067603403
2024/11/20 1:45,8.404032651825693
2024/11/20 2:00,8.098825920501069
2024/11/20 2:15,7.278815440616276
2024/11/20 2:30,6.888796146408772
2024/11/20 2:45,6.164552352898679
2024/11/20 3:00,5.881170361966799
2024/11/20 3:15,4.638301339246265
2024/11/20 3:30,3.998999640661273
2024/11/20 3:45,3.4243817296446224
2024/11/20 4:00,2.7075382142857154
2024/11/20 4:15,2.3523847142889798
2024/11/20 4:30,2.026475002056767
2024/11/20 4:45,1.8105995619048785
2024/11/20 5:00,1.7050265816703405
2024/11/20 5:15,1.65132206867318
2024/11/20 5:30,1.713385665891126
2024/11/20 5:45,1.8512442208388784
2024/11/20 6:00,1.8539109278097203
2024/11/20 6:15,2.191332785702825
2024/11/20 6:30,2.5563790714733297
2024/11/20 6:45,2.793803938198884
2024/11/20 7:00,3.078963472938953
2024/11/20 7:15,3.3908492956778207
2024/11/20 7:30,3.72617663780664
2024/11/20 7:45,4.182302450702156
2024/11/20 8:00,4.626170332995188
2024/11/20 8:15,4.837543083322959
2024/11/20 8:30,5.186704189362911
2024/11/20 8:45,5.53076708984731
2024/11/20 9:00,5.691371957551203
2024/11/20 9:15,5.777931486830252
2024/11/20 9:30,5.835663130171928
2024/11/20 9:45,5.756536342827172
2024/11/20 10:00,5.659841564535832
2024/11/20 10:15,5.519524948462606
2024/11/20 10:30,5.05585469689025
2024/11/20 10:45,4.892453824565926
2024/11/20 11:00,4.599383819371251
2024/11/20 11:15,4.247886463369989
2024/11/20 11:30,4.100978153864027
2024/11/20 11:45,3.548933414295941
2024/11/20 12:00,3.1399617624550324
2024/11/20 12:15,3.099291396052723
2024/11/20 12:30,2.6570723195207595
2024/11/20 12:45,2.455788902244755
2024/11/20 13:00,2.3293829612632555
2024/11/20 13:15,2.136333479752513
2024/11/20 13:30,2.047122666810416
2024/11/20 13:45,2.077536014190426
2024/11/20 14:00,2.0396684539093504
2024/11/20 14:15,2.1719772154425794
2024/11/20 14:30,2.3584061299071344
2024/11/20 14:45,2.4025940227825804
2024/11/20 15:00,2.769050923190382
2024/11/20 15:15,2.9143685287800776
2024/11/20 15:30,3.3131985710261733
2024/11/20 15:45,3.577720554718398
2024/11/20 16:00,3.974819959589525
2024/11/20 16:15,4.2555489444661365
2024/11/20 16:30,4.773764797810125
2024/11/20 16:45,5.137081371640557
2024/11/20 17:00,5.390710546231283
2024/11/20 17:15,5.820913953602367
2024/11/20 17:30,6.153562075956197
2024/11/20 17:45,6.569893658132302
2024/11/20 18:00,6.863211531184663
2024/11/20 18:15,6.97718638192142
2024/11/20 18:30,7.07784801525023
2024/11/20 18:45,7.291953347173894
2024/11/20 19:00,7.294951965253682
2024/11/20 19:15,7.225472993686439
2024/11/20 19:30,7.171766470188881
2024/11/20 19:45,6.975100672930585
2024/11/20 20:00,6.88696993211358
2024/11/20 20:15,6.41419408363006
2024/11/20 20:30,6.275198832428373
2024/11/20 20:45,6.038965772257079
2024/11/20 21:00,5.651151040926037
2024/11/20 21:15,5.316421761314404
2024/11/20 21:30,5.036255880378147
2024/11/20 21:45,4.782309026846294
2024/11/20 22:00,4.445095534176644
2024/11/20 22:15,4.337087369605611
2024/11/20 22:30,4.221015652379428
2024/11/20 22:45,4.346157956129
2024/11/20 23:00,4.526571971916971
2024/11/20 23:15,4.808475804057054
2024/11/20 23:30,5.1856982600850525
2024/11/20 23:45,5.652063698637132
2024/11/21 0:00,5.852666340437386
2024/11/21 0:15,6.149383727106226
2024/11/21 0:30,6.327205009920635
2024/11/21 0:45,6.513582488275615
2024/11/21 1:00,6.801827559552345
2024/11/21 1:15,6.994922144577063
2024/11/21 1:30,7.168368963947196
2024/11/21 1:45,7.259889150526043
2024/11/21 2:00,7.296562395125868
2024/11/21 2:15,7.306988661157644
2024/11/21 2:30,7.09056298756418
2024/11/21 2:45,6.668165934896913
2024/11/21 3:00,6.34635484927491
2024/11/21 3:15,5.928484932557492
2024/11/21 3:30,5.718962173524066
2024/11/21 3:45,5.314564163177348
2024/11/21 4:00,4.699035640394089
2024/11/21 4:15,4.476329291277968
2024/11/21 4:30,4.144317386480009
2024/11/21 4:45,3.663820765536538
2024/11/21 5:00,3.4248503646891897
2024/11/21 5:15,3.071875742744246
2024/11/21 5:30,2.841492373762443
2024/11/21 5:45,2.647000678395272
2024/11/21 6:00,2.5068284651843
2024/11/21 6:15,2.414576875282932
2024/11/21 6:30,2.405455287753605
2024/11/21 6:45,2.425203505658148
2024/11/21 7:00,2.4737077770510703
2024/11/21 7:15,2.549896334969801
2024/11/21 7:30,2.575935461822194
2024/11/21 7:45,2.785629574244825
2024/11/21 8:00,2.87051303178492
2024/11/21 8:15,3.0928227670446637
2024/11/21 8:30,3.509682089356548
2024/11/21 8:45,3.680341002997088
2024/11/21 9:00,3.8402171759401664
2024/11/21 9:15,3.956572032940177
2024/11/21 9:30,4.336474571441629
2024/11/21 9:45,4.598701875236593
2024/11/21 10:00,4.877233293165934
2024/11/21 10:15,5.25543151372666
2024/11/21 10:30,5.396729279825397
2024/11/21 10:45,5.694594211753119
2024/11/21 11:00,5.961611174012584
2024/11/21 11:15,6.245789442516294
2024/11/21 11:30,6.635281997662114
2024/11/21 11:45,6.899713379120881
2024/11/21 12:00,7.130587857142855
2024/11/21 12:15,7.438906186868689
2024/11/21 12:30,7.570210117113281
2024/11/21 12:45,7.8374696016447425
2024/11/21 13:00,7.9874648701298705
2024/11/21 13:15,7.968277573260068
2024/11/21 13:30,8.17353563252072
2024/11/21 13:45,8.282113008475141
2024/11/21 14:00,8.297047236301914
2024/11/21 14:15,8.229638917688264
2024/11/21 14:30,8.226969071086256
2024/11/21 14:45,8.24513405430393
2024/11/21 15:00,8.154592876305406
2024/11/21 15:15,8.159044535216138
2024/11/21 15:30,7.994757302385365
2024/11/21 15:45,7.911755849237747
2024/11/21 16:00,7.86143993775311
2024/11/21 16:15,7.86932041367044
2024/11/21 16:30,7.8319780109200545
2024/11/21 16:45,7.816900434267433
2024/11/21 17:00,7.853365132860673
2024/11/21 17:15,7.871361580262285
2024/11/21 17:30,7.9286977410897315
2024/11/21 17:45,7.957494573524521
2024/11/21 18:00,8.125470337968776
2024/11/21 18:15,8.42797159625462
2024/11/21 18:30,8.487461090421014
2024/11/21 18:45,8.492070905036577
2024/11/21 19:00,8.567226860967047
2024/11/21 19:15,8.605116547711647
2024/11/21 19:30,8.572715992189739
2024/11/21 19:45,8.680072000601621
2024/11/21 20:00,8.246290311355315
2024/11/21 20:15,8.078834555583306
2024/11/21 20:30,7.818470944045202
2024/11/21 20:45,7.6348428869461
2024/11/21 21:00,7.245952847184547
2024/11/21 21:15,6.954440998998756
2024/11/21 21:30,6.609283771988813
2024/11/21 21:45,6.150519627395028
2024/11/21 22:00,5.89259754446707
2024/11/21 22:15,5.642647518544334
2024/11/21 22:30,5.278537332393054
2024/11/21 22:45,5.164744979560859
2024/11/21 23:00,5.1214748381122455
2024/11/21 23:15,5.118942748917751
2024/11/21 23:30,5.285259217171719
2024/11/21 23:45,5.329671904761902
2024/11/22 0:00,5.83314591288828
2024/11/22 0:15,6.05332879427456
2024/11/22 0:30,6.24882683431759
2024/11/22 0:45,6.483448661979792
2024/11/22 1:00,6.714612969850663
2024/11/22 1:15,7.02956863957226
2024/11/22 1:30,7.16022971051545
2024/11/22 1:45,7.274047840505197
2024/11/22 2:00,7.622911284488907
2024/11/22 2:15,7.252993749144856
2024/11/22 2:30,7.101606096168913
2024/11/22 2:45,6.642017958563218
2024/11/22 3:00,6.474035660717151
2024/11/22 3:15,6.091654126969197
2024/11/22 3:30,5.557675185287703
2024/11/22 3:45,5.375136611779058
2024/11/22 4:00,5.035883614420629
2024/11/22 4:15,4.53982414291023
2024/11/22 4:30,4.076988018412271
2024/11/22 4:45,3.732531275804904
2024/11/22 5:00,3.4009954338801
2024/11/22 5:15,3.093729801036166
2024/11/22 5:30,2.901384930992509
2024/11/22 5:45,2.736995407795827
2024/11/22 6:00,2.619669182672127
2024/11/22 6:15,2.4408191410450293
2024/11/22 6:30,2.418369206225329
2024/11/22 6:45,2.376900161549909
2024/11/22 7:00,2.392732134401073
2024/11/22 7:15,2.545912166191364
2024/11/22 7:30,2.569238564214257
2024/11/22 7:45,2.680022061959458
2024/11/22 8:00,2.838606258588095
2024/11/22 8:15,3.024006021268926
2024/11/22 8:30,3.411115460155332
2024/11/22 8:45,3.486413471043198
2024/11/22 9:00,3.844678444953999
2024/11/22 9:15,4.109008223218278
2024/11/22 9:30,4.352932633949782
2024/11/22 9:45,4.479552263413978
2024/11/22 10:00,4.793357770878256
2024/11/22 10:15,5.173850145533148
2024/11/22 10:30,5.35931358167245
2024/11/22 10:45,5.707185264082169
2024/11/22 11:00,6.085109494036479
2024/11/22 11:15,6.292856578346577
2024/11/22 11:30,6.715300753043704
2024/11/22 11:45,6.983755489510491
2024/11/22 12:00,7.347448830859139
2024/11/22 12:15,7.497065079644616
2024/11/22 12:30,7.772350285325237
2024/11/22 12:45,7.867304090516727
2024/11/22 13:00,8.04100457659074
2024/11/22 13:15,8.18531568274707
2024/11/22 13:30,8.166075720958554
2024/11/22 13:45,8.16583553785923
2024/11/22 14:00,8.27496766158894
2024/11/22 14:15,8.267527710743611
2024/11/22 14:30,8.279146896746829
2024/11/22 14:45,8.284225953943158
2024/11/22 15:00,8.139275130273939
2024/11/22 15:15,8.169331806118612
2024/11/22 15:30,8.024902546071205
2024/11/22 15:45,7.967325563281565
2024/11/22 16:00,7.884427855223212
2024/11/22 16:15,7.877356451431048
2024/11/22 16:30,7.876786372628202
2024/11/22 16:45,7.848463164585245
2024/11/22 17:00,7.885095661597929
2024/11/22 17:15,7.921633952581801
2024/11/22 17:30,7.904096799647277
2024/11/22 17:45,8.013478991605673
2024/11/22 18:00,8.160864755413565
2024/11/22 18:15,8.354362169755197
2024/11/22 18:30,8.527201421142205
2024/11/22 18:45,8.546542746889465
2024/11/22 19:00,8.617061978115798
2024/11/22 19:15,8.598893567778449
2024/11/22 19:30,8.59271557443154
2024/11/22 19:45,8.590553857713232
2024/11/22 20:00,8.138697205777948
2024/11/22 20:15,8.071384162174766
2024/11/22 20:30,7.911688681263131
2024/11/22 20:45,7.44594270736519
2024/11/22 21:00,7.294295304683544
2024/11/22 21:15,6.932868153174046
2024/11/22 21:30,6.517378089404126
2024/11/22 21:45,6.287472148352239
2024/11/22 22:00,5.822904630715487
2024/11/22 22:15,5.628877999024351
2024/11/22 22:30,5.320315486399093
2024/11/22 22:45,5.265532564482924
2024/11/22 23:00,5.18324656715289
2024/11/22 23:15,5.207550642029539
2024/11/22 23:30,5.274675591630594
2024/11/22 23:45,5.452893366839415
2024/11/23 0:00,6.175523138861138
2024/11/23 0:15,6.59875865079365
2024/11/23 0:30,7.377117712842713
2024/11/23 0:45,7.910731086485979
2024/11/23 1:00,8.381976036765169
2024/11/23 1:15,8.550893028227911
2024/11/23 1:30,8.59289039401694
2024/11/23 1:45,8.453621565090693
2024/11/23 2:00,7.995112777777776
2024/11/23 2:15,7.583423353652651
2024/11/23 2:30,6.90114195210394
2024/11/23 2:45,6.314113173492546
2024/11/23 3:00,5.387429422244424
2024/11/23 3:15,4.613791072446073
2024/11/23 3:30,3.98690695564964
2024/11/23 3:45,3.41992154958568
2024/11/23 4:00,2.762409922161171
2024/11/23 4:15,2.364366011303864
2024/11/23 4:30,2.0040657264716715
2024/11/23 4:45,1.874792363948776
2024/11/23 5:00,1.7917691418242023
2024/11/23 5:15,1.7608960956944342
2024/11/23 5:30,1.7720608847461288
2024/11/23 5:45,1.8417089279690515
2024/11/23 6:00,2.178136949257375
2024/11/23 6:15,2.2512068209142657
2024/11/23 6:30,2.444893602268666
2024/11/23 6:45,2.820581925636282
2024/11/23 7:00,3.0127103496295358
2024/11/23 7:15,3.5876942512778225
2024/11/23 7:30,4.055220119047619
2024/11/23 7:45,4.391952763543402
2024/11/23 8:00,4.709337103174601
2024/11/23 8:15,4.91811241053528
2024/11/23 8:30,5.0514543240675085
2024/11/23 8:45,5.420468211533247
2024/11/23 9:00,5.660147740132064
2024/11/23 9:15,5.702506429299394
2024/11/23 9:30,5.84201668972148
2024/11/23 9:45,5.766871898180085
2024/11/23 10:00,5.824493871267622
2024/11/23 10:15,5.3868262514964975
2024/11/23 10:30,5.497608341390104
2024/11/23 10:45,5.09049758619787
2024/11/23 11:00,4.595956668983647
2024/11/23 11:15,4.444745739349998
2024/11/23 11:30,3.956651990267039
2024/11/23 11:45,3.754839278792922
2024/11/23 12:00,3.255186257219474
2024/11/23 12:15,2.9655869566169515
2024/11/23 12:30,2.697740841838696
2024/11/23 12:45,2.4770541856445347
2024/11/23 13:00,2.2942509061684264
2024/11/23 13:15,2.238990898551967
2024/11/23 13:30,2.061601972101728
2024/11/23 13:45,2.084821042711034
2024/11/23 14:00,2.0670953279368565
2024/11/23 14:15,2.1936520293182973
2024/11/23 14:30,2.3265314747295163
2024/11/23 14:45,2.486614264505135
2024/11/23 15:00,2.7983035600925525
2024/11/23 15:15,2.899475960296268
2024/11/23 15:30,3.2647504926188184
2024/11/23 15:45,3.4903275927359254
2024/11/23 16:00,4.009488869171283
2024/11/23 16:15,4.478426772224769
2024/11/23 16:30,4.761001460682585
2024/11/23 16:45,5.15610533953538
2024/11/23 17:00,5.608893177814735
2024/11/23 17:15,5.981540630787812
2024/11/23 17:30,6.276479895804132
2024/11/23 17:45,6.607078658129155
2024/11/23 18:00,7.053642586394423
2024/11/23 18:15,7.0228538664384725
2024/11/23 18:30,7.188919271676409
2024/11/23 18:45,7.239550286197592
2024/11/23 19:00,7.3091623320710815
2024/11/23 19:15,7.199807109959261
2024/11/23 19:30,7.181328284712609
2024/11/23 19:45,7.168503490530779
2024/11/23 20:00,6.55115221837313
2024/11/23 20:15,6.4975318631368655
2024/11/23 20:30,6.394506309523812
2024/11/23 20:45,5.888826157076572
2024/11/23 21:00,5.525073531485333
2024/11/23 21:15,5.417105787831264
2024/11/23 21:30,4.960665243830081
2024/11/23 21:45,4.736303104950173
2024/11/23 22:00,4.535463015540694
2024/11/23 22:15,4.327768539918382
2024/11/23 22:30,4.300139575323291
2024/11/23 22:45,4.411017460395636
2024/11/23 23:00,4.696971070435381
2024/11/23 23:15,4.78645929241449
2024/11/23 23:30,5.168026265100227
2024/11/23 23:45,5.651023583665096
2024/11/24 0:00,6.179666124317549
2024/11/24 0:15,6.886684712134154
2024/11/24 0:30,7.381931859146912
2024/11/24 0:45,7.939118144861994
2024/11/24 1:00,8.200258683685597
2024/11/24 1:15,8.45800554655355
2024/11/24 1:30,8.428701936341064
2024/11/24 1:45,8.358297444554097
2024/11/24 2:00,7.968619736652235
2024/11/24 2:15,7.543880398893436
2024/11/24 2:30,7.00004371458546
2024/11/24 2:45,6.146352344183084
2024/11/24 3:00,5.425687774478678
2024/11/24 3:15,4.710967857142856
2024/11/24 3:30,4.001886452380955
2024/11/24 3:45,3.387088793983794
2024/11/24 4:00,3.205078752008226
2024/11/24 4:15,2.4938895761183253
2024/11/24 4:30,2.0786615588424477
2024/11/24 4:45,1.9230844373932647
2024/11/24 5:00,1.7065674368568502
2024/11/24 5:15,1.6599730753158426
2024/11/24 5:30,1.7193954771074218
2024/11/24 5:45,1.8276396463800215
2024/11/24 6:00,1.9178420824001703
2024/11/24 6:15,2.24122419577072
2024/11/24 6:30,2.5985882286581545
2024/11/24 6:45,2.6947417977352743
2024/11/24 7:00,3.185791337492556
2024/11/24 7:15,3.438342877900474
2024/11/24 7:30,3.812487629044115
2024/11/24 7:45,4.236291511933726
2024/11/24 8:00,4.563197036977062
2024/11/24 8:15,4.763805130451931
2024/11/24 8:30,5.089741021900482
2024/11/24 8:45,5.436795631987285
2024/11/24 9:00,5.693752094218031
2024/11/24 9:15,5.839379930524305
2024/11/24 9:30,5.786521257751857
2024/11/24 9:45,6.134250098063502
2024/11/24 10:00,5.682624182543538
2024/11/24 10:15,5.5887796159281296
2024/11/24 10:30,5.32093671498335
2024/11/24 10:45,4.937219526524561
2024/11/24 11:00,4.684350632134899
2024/11/24 11:15,4.274315769307289
2024/11/24 11:30,3.902150283913368
2024/11/24 11:45,3.512419797858412
2024/11/24 12:00,3.2470040294316744
2024/11/24 12:15,3.0387053473643366
2024/11/24 12:30,2.6562468405599065
2024/11/24 12:45,2.474082467992882
2024/11/24 13:00,2.309747175450424
2024/11/24 13:15,2.205689169266353
2024/11/24 13:30,2.0392167153067087
2024/11/24 13:45,2.058942913678889
2024/11/24 14:00,2.213821404519792
2024/11/24 14:15,2.2120106334743137
2024/11/24 14:30,2.3627441420890496
2024/11/24 14:45,2.5049486134830814
2024/11/24 15:00,2.8617569927659634
2024/11/24 15:15,3.08366401311498
2024/11/24 15:30,3.2286562744446963
2024/11/24 15:45,3.639148495895847
2024/11/24 16:00,3.964534291031208
2024/11/24 16:15,4.380248130069929
2024/11/24 16:30,4.78676297190068
2024/11/24 16:45,4.992104543887708
2024/11/24 17:00,5.501425632536444
2024/11/24 17:15,5.90071687359147
2024/11/24 17:30,6.400703083576983
2024/11/24 17:45,6.662648140805787
2024/11/24 18:00,6.839847526215116
2024/11/24 18:15,7.038948654841422
2024/11/24 18:30,7.155177289908867
2024/11/24 18:45,7.190516979704592
2024/11/24 19:00,7.260841835965772
2024/11/24 19:15,7.233390345437969
2024/11/24 19:30,7.189311201256727
2024/11/24 19:45,6.988159057771201
2024/11/24 20:00,6.797813264856845
2024/11/24 20:15,6.541494679755722
2024/11/24 20:30,6.214035681198001
2024/11/24 20:45,5.858195203974796
2024/11/24 21:00,5.620487300855799
2024/11/24 21:15,5.27506962296577
2024/11/24 21:30,4.957637749317799
2024/11/24 21:45,4.66684890237638
2024/11/24 22:00,4.426302216307085
2024/11/24 22:15,4.2901806199261845
2024/11/24 22:30,4.25123259017372
2024/11/24 22:45,4.3262543007050684
2024/11/24 23:00,4.5088786019351
2024/11/24 23:15,4.734716072510546
2024/11/24 23:30,5.214825939581893
2024/11/24 23:45,5.646439929183868
2024/11/25 0:00,6.22398402785266
2024/11/25 0:15,6.823448259285075
2024/11/25 0:30,7.312999720282806
2024/11/25 0:45,7.983528923334727
2024/11/25 1:00,8.235758824035614
2024/11/25 1:15,8.480636271485194
2024/11/25 1:30,8.539384152435789
2024/11/25 1:45,8.361580697612121
2024/11/25 2:00,7.968951031746031
2024/11/25 2:15,7.566203728892431
2024/11/25 2:30,6.941330848701044
2024/11/25 2:45,6.159082403137395
2024/11/25 3:00,5.483227628924915
2024/11/25 3:15,4.778105937950939
2024/11/25 3:30,3.9722934854784007
2024/11/25 3:45,3.4780603760128743
2024/11/25 4:00,2.868374710634654
2024/11/25 4:15,2.3456310298038483
2024/11/25 4:30,2.0321357506798283
2024/11/25 4:45,1.7440733679882203
2024/11/25 5:00,1.675090509738573
2024/11/25 5:15,1.6383358112567863
2024/11/25 5:30,1.6823807159576183
2024/11/25 5:45,1.823734640552924
2024/11/25 6:00,1.8637811799492492
2024/11/25 6:15,2.284025384150941
2024/11/25 6:30,2.502445897627133
2024/11/25 6:45,2.7746149579035277
2024/11/25 7:00,2.9904498562129573
2024/11/25 7:15,3.291635683108246
2024/11/25 7:30,3.7268581451220415
2024/11/25 7:45,4.151346722428719
2024/11/25 8:00,4.482776867053989
2024/11/25 8:15,4.872243918793593
2024/11/25 8:30,5.191517412490523
2024/11/25 8:45,5.579012946922854
2024/11/25 9:00,5.672953461817607
2024/11/25 9:15,5.789169062726464
2024/11/25 9:30,5.749883164020082
2024/11/25 9:45,5.7422506398504085
2024/11/25 10:00,5.630231510702694
2024/11/25 10:15,5.519604912586058
2024/11/25 10:30,5.258106435417525
2024/11/25 10:45,5.218313161369016
2024/11/25 11:00,4.660580834341353
2024/11/25 11:15,4.2506807248518585
2024/11/25 11:30,3.919991113234056
2024/11/25 11:45,3.5778109135642144
2024/11/25 12:00,3.243186795602156
2024/11/25 12:15,2.8557243922090687
2024/11/25 12:30,2.4727820930357414
2024/11/25 12:45,2.478973020466939
2024/11/25 13:00,2.2471788544041247
2024/11/25 13:15,2.136368023252409
2024/11/25 13:30,2.129114572106603
2024/11/25 13:45,2.054607352366645
2024/11/25 14:00,2.058944824501723
2024/11/25 14:15,2.206398601157216
2024/11/25 14:30,2.328797295492662
2024/11/25 14:45,2.559472643264252
2024/11/25 15:00,2.856204099939753
2024/11/25 15:15,3.0564557866117905
2024/11/25 15:30,3.334388436695781
2024/11/25 15:45,3.690562326793569
2024/11/25 16:00,3.9929416289344863
2024/11/25 16:15,4.39942685181683
2024/11/25 16:30,4.721606712292632
2024/11/25 16:45,4.980742668837449
2024/11/25 17:00,5.541023443631335
2024/11/25 17:15,6.0041946564499735
2024/11/25 17:30,6.316385105945425
2024/11/25 17:45,6.5600058401276
2024/11/25 18:00,6.8031110450354015
2024/11/25 18:15,6.975797482668335
2024/11/25 18:30,7.155262183231862
2024/11/25 18:45,7.311676441682194
2024/11/25 19:00,7.294598450149533
2024/11/25 19:15,7.192861263253299
2024/11/25 19:30,7.12440945459403
2024/11/25 19:45,7.046844358737807
2024/11/25 20:00,6.855700258702019
2024/11/25 20:15,6.628486528690607
2024/11/25 20:30,6.228650976131219
2024/11/25 20:45,6.01280295739627
2024/11/25 21:00,5.723247409297308
2024/11/25 21:15,5.282354904655518
2024/11/25 21:30,4.986631604404839
2024/11/25 21:45,4.698043789498701
2024/11/25 22:00,4.492057280393956
2024/11/25 22:15,4.2513617174321565
2024/11/25 22:30,4.304570351520004
2024/11/25 22:45,4.329432842678182
2024/11/25 23:00,4.45019487029782
2024/11/25 23:15,4.7591047931671495
2024/11/25 23:30,5.151212846827086
2024/11/25 23:45,5.623274164565185
2024/11/26 0:00,6.267480654450663
2024/11/26 0:15,6.756392155426802
2024/11/26 0:30,7.349524504052816
2024/11/26 0:45,7.90431111915862
2024/11/26 1:00,8.22655788971586
2024/11/26 1:15,8.491849929632453
2024/11/26 1:30,8.515636682789625
2024/11/26 1:45,8.470485652237652
2024/11/26 2:00,8.077993980014654
2024/11/26 2:15,7.612772597680594
2024/11/26 2:30,6.902469952540698
2024/11/26 2:45,6.0909185505926215
2024/11/26 3:00,5.409874784419611
2024/11/26 3:15,4.541545333860819
2024/11/26 3:30,4.112886091496566
2024/11/26 3:45,3.3998977754228394
2024/11/26 4:00,2.7410175364504776
2024/11/26 4:15,2.3832574819624823
2024/11/26 4:30,1.8978149178213903
2024/11/26 4:45,1.8006288241219637
2024/11/26 5:00,1.5969280013111131
2024/11/26 5:15,1.6140141206879983
2024/11/26 5:30,1.6451783223894367
2024/11/26 5:45,1.793606111319046
2024/11/26 6:00,1.9742999882793109
2024/11/26 6:15,2.200342562414215
2024/11/26 6:30,2.49391457880746
2024/11/26 6:45,2.5526385953576183
2024/11/26 7:00,2.8889158982244942
2024/11/26 7:15,3.3827022196347203
2024/11/26 7:30,3.7758771252422094
2024/11/26 7:45,4.092592293886926
2024/11/26 8:00,4.531238557000583
2024/11/26 8:15,4.858350362895428
2024/11/26 8:30,5.266382561774995
2024/11/26 8:45,5.576111350288919
2024/11/26 9:00,5.745743376257321
2024/11/26 9:15,5.845524955651311
2024/11/26 9:30,5.778473705402359
2024/11/26 9:45,5.780252794837991
2024/11/26 10:00,5.625612561291444
2024/11/26 10:15,5.52745825051194
2024/11/26 10:30,5.24878109471728
2024/11/26 10:45,4.9830971923178105
2024/11/26 11:00,4.622475915513459
2024/11/26 11:15,4.242038904995109
2024/11/26 11:30,3.90765066693788
2024/11/26 11:45,3.564380456250084
2024/11/26 12:00,3.229296195397879
2024/11/26 12:15,2.866807882009145
2024/11/26 12:30,2.690545676149529
2024/11/26 12:45,2.4298585456648896
2024/11/26 13:00,2.23301058715892
2024/11/26 13:15,2.1128067924695326
2024/11/26 13:30,2.0217907740279726
2024/11/26 13:45,2.1111366765027384
2024/11/26 14:00,2.0370940021557344
2024/11/26 14:15,2.1506993644359294
2024/11/26 14:30,2.4106970383260213
2024/11/26 14:45,2.5367951584540287
2024/11/26 15:00,2.7936477353650027
2024/11/26 15:15,3.028857193107635
2024/11/26 15:30,3.2796253253709784
2024/11/26 15:45,3.707835001653224
2024/11/26 16:00,4.022830592810823
2024/11/26 16:15,4.339992352241386
2024/11/26 16:30,4.709007111528205
2024/11/26 16:45,5.146331085492519
2024/11/26 17:00,5.642903874080048
2024/11/26 17:15,5.831780952380951
2024/11/26 17:30,6.253315708077103
2024/11/26 17:45,6.470435925992215
2024/11/26 18:00,6.810782510879967
2024/11/26 18:15,7.063438627121286
2024/11/26 18:30,7.180234434164339
2024/11/26 18:45,7.299849934156842
2024/11/26 19:00,7.42791720300294
2024/11/26 19:15,7.220214518327139
2024/11/26 19:30,7.162452794333936
2024/11/26 19:45,6.954310920501737
2024/11/26 20:00,6.727059862087738
2024/11/26 20:15,6.441872234837519
2024/11/26 20:30,6.248000974222902
2024/11/26 20:45,6.0238412297113735
2024/11/26 21:00,5.625779548524317
2024/11/26 21:15,5.221485801594189
2024/11/26 21:30,4.936523655446439
2024/11/26 21:45,4.6714837532440425
2024/11/26 22:00,4.437425522567555
2024/11/26 22:15,4.277663617436091
2024/11/26 22:30,4.269363486012341
2024/11/26 22:45,4.288664228254258
2024/11/26 23:00,4.477685797708993
2024/11/26 23:15,4.833196857501783
2024/11/26 23:30,5.165895895329754
2024/11/26 23:45,5.587262703391861
2024/11/27 0:00,6.2070315075281375
2024/11/27 0:15,6.72286505515079
2024/11/27 0:30,7.402560457920135
2024/11/27 0:45,7.905672622260073
2024/11/27 1:00,8.304561296056882
2024/11/27 1:15,8.447308517705606
2024/11/27 1:30,8.453510544684473
2024/11/27 1:45,8.404448231607097
2024/11/27 2:00,8.09369792492595
2024/11/27 2:15,7.620510974941026
2024/11/27 2:30,6.823631608734826
2024/11/27 2:45,6.108126171132864
2024/11/27 3:00,5.46529691919192
2024/11/27 3:15,4.710592286879788
2024/11/27 3:30,3.9102506168420463
2024/11/27 3:45,3.424010710108604
2024/11/27 4:00,2.854868553391053
2024/11/27 4:15,2.370215292511925
2024/11/27 4:30,2.040744683487867
2024/11/27 4:45,1.9144649758051608
2024/11/27 5:00,1.6984117609828415
2024/11/27 5:15,1.6810670253591855
2024/11/27 5:30,1.7290360366742905
2024/11/27 5:45,1.853609497255932
2024/11/27 6:00,1.9045497457377445
2024/11/27 6:15,2.2344091858259034
2024/11/27 6:30,2.422725364846716
2024/11/27 6:45,2.7159451394517347
2024/11/27 7:00,2.9772144328461776
2024/11/27 7:15,3.435244402830304
2024/11/27 7:30,3.72525532967033
2024/11/27 7:45,4.145532896352692
2024/11/27 8:00,4.548770314350172
2024/11/27 8:15,4.782446387126315
2024/11/27 8:30,5.184893060445116
2024/11/27 8:45,5.517475260150767
2024/11/27 9:00,5.727547274241187
2024/11/27 9:15,5.855950213660317
2024/11/27 9:30,5.81005094764365
2024/11/27 9:45,5.769165713737404
2024/11/27 10:00,5.608121639852625
2024/11/27 10:15,5.42359605628614
2024/11/27 10:30,5.18644072396466
2024/11/27 10:45,4.936700282971554
2024/11/27 11:00,4.609086267671745
2024/11/27 11:15,4.232761834356301
2024/11/27 11:30,3.9342706268193233
2024/11/27 11:45,3.5264426342715907
2024/11/27 12:00,3.30242182531118
2024/11/27 12:15,2.8564681742011486
2024/11/27 12:30,2.6312090218874737
2024/11/27 12:45,2.467893587037085
2024/11/27 13:00,2.2217552044743747
2024/11/27 13:15,2.081520091031916
2024/11/27 13:30,2.121559761949164
2024/11/27 13:45,2.151435506136217
2024/11/27 14:00,2.0853809133311274
2024/11/27 14:15,2.155936340012487
2024/11/27 14:30,2.344772383127777
2024/11/27 14:45,2.440915608431816
2024/11/27 15:00,2.7136566745236546
2024/11/27 15:15,2.897026228523694
2024/11/27 15:30,3.2790333063986163
2024/11/27 15:45,3.5458426049984872
2024/11/27 16:00,4.089785640841822
2024/11/27 16:15,4.372979038547195
2024/11/27 16:30,4.761915398629148
2024/11/27 16:45,5.328009003908884
2024/11/27 17:00,5.50200235766209
2024/11/27 17:15,5.927702959456674
2024/11/27 17:30,6.229345182697927
2024/11/27 17:45,6.542899132262411
2024/11/27 18:00,6.79936224897074
2024/11/27 18:15,7.00507376540515
2024/11/27 18:30,7.165966363830649
2024/11/27 18:45,7.276346217469449
2024/11/27 19:00,7.280351456023725
2024/11/27 19:15,7.252602504075726
2024/11/27 19:30,7.116185708768104
2024/11/27 19:45,6.9105814626360935
2024/11/27 20:00,6.820741015227655
2024/11/27 20:15,6.484633773072096
2024/11/27 20:30,6.257343153056475
2024/11/27 20:45,5.858245680080351
2024/11/27 21:00,5.636809595903856
2024/11/27 21:15,5.260257597523991
2024/11/27 21:30,4.909587338938682
2024/11/27 21:45,4.686764110502151
2024/11/27 22:00,4.520543978685056
2024/11/27 22:15,4.256075638110061
2024/11/27 22:30,4.2460524692858135
2024/11/27 22:45,4.270808379597529
2024/11/27 23:00,4.451879715628575
2024/11/27 23:15,4.730270607932538
2024/11/27 23:30,5.071552509478279
2024/11/27 23:45,5.66719759720421
2024/11/28 0:00,5.85703293029748
2024/11/28 0:15,6.097189277915066
2024/11/28 0:30,6.371058625208858
2024/11/28 0:45,6.7140930494505495
2024/11/28 1:00,6.950497379835976
2024/11/28 1:15,7.090527888480611
2024/11/28 1:30,7.200482509298432
2024/11/28 1:45,7.289802577070336
2024/11/28 2:00,7.259679613195527
2024/11/28 2:15,7.246703615585788
2024/11/28 2:30,7.068689618367743
2024/11/28 2:45,6.805813333235392
2024/11/28 3:00,6.544589974365164
2024/11/28 3:15,6.281322867268107
2024/11/28 3:30,5.843772173130385
2024/11/28 3:45,5.420826444936443
2024/11/28 4:00,5.041706188487044
2024/11/28 4:15,4.674878206577905
2024/11/28 4:30,4.218070382375636
2024/11/28 4:45,3.794450824158708
2024/11/28 5:00,3.632590937341346
2024/11/28 5:15,3.1310289755974474
2024/11/28 5:30,2.898067740030973
2024/11/28 5:45,2.900228077386606
2024/11/28 6:00,2.604972234984652
2024/11/28 6:15,2.3902714428442824
2024/11/28 6:30,2.41234837713756
2024/11/28 6:45,2.408615286757838
2024/11/28 7:00,2.580839801587302
2024/11/28 7:15,2.577537096656848
2024/11/28 7:30,2.64740765338501
2024/11/28 7:45,2.725053105910908
2024/11/28 8:00,2.856058214040861
2024/11/28 8:15,3.165151259788247
2024/11/28 8:30,3.482194286008101
2024/11/28 8:45,3.665701263575603
2024/11/28 9:00,4.0868375076127
2024/11/28 9:15,4.30318280891623
2024/11/28 9:30,4.264007783845702
2024/11/28 9:45,4.652152237126618
2024/11/28 10:00,4.904769157348368
2024/11/28 10:15,5.160037282249071
2024/11/28 10:30,5.387470221584655
2024/11/28 10:45,5.692142643556806
2024/11/28 11:00,6.076104847103895
2024/11/28 11:15,6.229310599415205
2024/11/28 11:30,6.604468402424019
2024/11/28 11:45,6.796270131257631
2024/11/28 12:00,7.082951269841271
2024/11/28 12:15,7.448012518037522
2024/11/28 12:30,7.589466060606063
2024/11/28 12:45,7.754843371343369
2024/11/28 13:00,7.940312707802591
2024/11/28 13:15,8.101454135267339
2024/11/28 13:30,8.195886914686794
2024/11/28 13:45,8.230638434646618
2024/11/28 14:00,8.291783111741207
2024/11/28 14:15,8.312696770412485
2024/11/28 14:30,8.31450942324657
2024/11/28 14:45,8.258820336028348
2024/11/28 15:00,8.193421021615313
2024/11/28 15:15,8.15903469552437
2024/11/28 15:30,8.047827423978518
2024/11/28 15:45,7.95641758521527
2024/11/28 16:00,7.849245736944234
2024/11/28 16:15,7.84570176762713
2024/11/28 16:30,7.885127846031079
2024/11/28 16:45,7.84439307029699
2024/11/28 17:00,7.913791360779977
2024/11/28 17:15,7.828025583734348
2024/11/28 17:30,7.938970397089252
2024/11/28 17:45,7.975337961344122
2024/11/28 18:00,8.139346402518953
2024/11/28 18:15,8.274240728671172
2024/11/28 18:30,8.497430835031144
2024/11/28 18:45,8.549597083931706
2024/11/28 19:00,8.593143529550426
2024/11/28 19:15,8.623986850647524
2024/11/28 19:30,8.561968306606905
2024/11/28 19:45,8.324637815473997
2024/11/28 20:00,8.285768247555124
2024/11/28 20:15,8.155967935804306
2024/11/28 20:30,7.97542918019414
2024/11/28 20:45,7.504788870663638
2024/11/28 21:00,7.240013752923676
2024/11/28 21:15,6.824572005239565
2024/11/28 21:30,6.48256526094659
2024/11/28 21:45,6.308395461228153
2024/11/28 22:00,5.9393841566572565
2024/11/28 22:15,5.554005541539301
2024/11/28 22:30,5.468521526262491
2024/11/28 22:45,5.165971106554265
2024/11/28 23:00,5.105760482783143
2024/11/28 23:15,5.2082596139971145
2024/11/28 23:30,5.382151464236264
2024/11/28 23:45,5.568691821645498
2024/11/29 0:00,5.2809342799928825
2024/11/29 0:15,6.1093996272183775
2024/11/29 0:30,6.289421412086365
2024/11/29 0:45,6.537036384806714
2024/11/29 1:00,6.802364147766425
2024/11/29 1:15,7.082327603399474
2024/11/29 1:30,7.109173526294407
2024/11/29 1:45,7.189264851015635
2024/11/29 2:00,7.2496242424619695
2024/11/29 2:15,7.285483280533892
2024/11/29 2:30,7.131675219413663
2024/11/29 2:45,6.972032724934984
2024/11/29 3:00,6.647342612879754
2024/11/29 3:15,6.284610050960862
2024/11/29 3:30,5.687995945015597
2024/11/29 3:45,5.482848191393282
2024/11/29 4:00,4.924581479184935
2024/11/29 4:15,4.4504763026225
2024/11/29 4:30,4.062724594454735
2024/11/29 4:45,3.656481684692933
2024/11/29 5:00,3.219219792325992
2024/11/29 5:15,3.0528521461799247
2024/11/29 5:30,2.7437790335080723
2024/11/29 5:45,2.6084175436184998
2024/11/29 6:00,2.519049466742899
2024/11/29 6:15,2.3894898958040334
2024/11/29 6:30,2.416483926955808
2024/11/29 6:45,2.4219257679822173
2024/11/29 7:00,2.3854861187306104
2024/11/29 7:15,2.3822291216940696
2024/11/29 7:30,2.726410084440205
2024/11/29 7:45,2.7666653494159217
2024/11/29 8:00,2.978948123744116
2024/11/29 8:15,3.1011282601335632
2024/11/29 8:30,3.3789802589808886
2024/11/29 8:45,3.585520995958305
2024/11/29 9:00,3.666286872529645
2024/11/29 9:15,3.917580653862054
2024/11/29 9:30,4.243470976090978
2024/11/29 9:45,4.575641832414198
2024/11/29 10:00,4.799278695368457
2024/11/29 10:15,5.207659841403203
2024/11/29 10:30,5.451532568210434
2024/11/29 10:45,5.817988502914741
2024/11/29 11:00,6.211407766659439
2024/11/29 11:15,6.309891952413903
2024/11/29 11:30,6.74784711566304
2024/11/29 11:45,6.971372540781317
2024/11/29 12:00,7.053717856801212
2024/11/29 12:15,7.270367648060071
2024/11/29 12:30,7.600379125999352
2024/11/29 12:45,7.8065148859628115
2024/11/29 13:00,7.924305849016778
2024/11/29 13:15,8.051637646537031
2024/11/29 13:30,8.127312580087589
2024/11/29 13:45,8.25705889845574
2024/11/29 14:00,8.287144419830147
2024/11/29 14:15,8.3125447318781
2024/11/29 14:30,8.292188622575084
2024/11/29 14:45,8.293261917252359
2024/11/29 15:00,8.150492303318309
2024/11/29 15:15,8.1371063570768
2024/11/29 15:30,8.071658295368557
2024/11/29 15:45,7.9018582963637725
2024/11/29 16:00,7.833151912344463
2024/11/29 16:15,7.843588553997647
2024/11/29 16:30,7.816599011121265
2024/11/29 16:45,7.869738929407873
2024/11/29 17:00,7.841106582365347
2024/11/29 17:15,7.880421799889567
2024/11/29 17:30,7.881286166381259
2024/11/29 17:45,7.953668030514072
2024/11/29 18:00,8.32523953588477
2024/11/29 18:15,8.367298462648462
2024/11/29 18:30,8.455324040234357
2024/11/29 18:45,8.542937045516647
2024/11/29 19:00,8.464573946554696
2024/11/29 19:15,8.547383988742402
2024/11/29 19:30,8.522960385576642
2024/11/29 19:45,8.512416300203622
2024/11/29 20:00,8.225316761511197
2024/11/29 20:15,8.119117307056746
2024/11/29 20:30,7.840925380354507
2024/11/29 20:45,7.641911524778467
2024/11/29 21:00,7.205290984357141
2024/11/29 21:15,6.886143527558187
2024/11/29 21:30,6.48701614900581
2024/11/29 21:45,6.205385748748996
2024/11/29 22:00,5.777991131737594
2024/11/29 22:15,5.672625957691026
2024/11/29 22:30,5.322817908016945
2024/11/29 22:45,5.103409302343661
2024/11/29 23:00,5.108350909090909
2024/11/29 23:15,5.214917991822992
2024/11/29 23:30,5.405244386286563
2024/11/29 23:45,5.460378571428573
2024/11/30 0:00,6.172417216175733
2024/11/30 0:15,6.701183282828287
2024/11/30 0:30,7.33433854256854
2024/11/30 0:45,7.926388038211784
2024/11/30 1:00,8.334971809163056
2024/11/30 1:15,8.601686260462914
2024/11/30 1:30,8.71156942160854
2024/11/30 1:45,8.499497597556159
2024/11/30 2:00,8.096197221462743
2024/11/30 2:15,7.52908075965293
2024/11/30 2:30,6.858172901303415
2024/11/30 2:45,6.182873331398331
2024/11/30 3:00,5.394757622954532
2024/11/30 3:15,4.866232860940227
2024/11/30 3:30,3.98264971674802
2024/11/30 3:45,3.3453024491028303
2024/11/30 4:00,2.7592008721979773
2024/11/30 4:15,2.409296330353095
2024/11/30 4:30,2.002081568070765
2024/11/30 4:45,1.801906883048956
2024/11/30 5:00,1.667729347798434
2024/11/30 5:15,1.6546299983510846
2024/11/30 5:30,1.6567671621437814
2024/11/30 5:45,1.7897131482993334
2024/11/30 6:00,2.1040811228428487
2024/11/30 6:15,2.21291352386189
2024/11/30 6:30,2.458752560784606
2024/11/30 6:45,2.6683404778047763
2024/11/30 7:00,2.849853479076479
2024/11/30 7:15,3.513135856137327
2024/11/30 7:30,3.817229442463283
2024/11/30 7:45,4.314884386724386
2024/11/30 8:00,4.505458711807929
2024/11/30 8:15,4.917002720031023
2024/11/30 8:30,5.198908078244619
2024/11/30 8:45,5.475974578249227
2024/11/30 9:00,5.702910541721027
2024/11/30 9:15,5.65970372935826
2024/11/30 9:30,5.7956494996695485
2024/11/30 9:45,5.755268408075429
2024/11/30 10:00,5.672085537119442
2024/11/30 10:15,5.284185023500406
2024/11/30 10:30,5.212111734616948
2024/11/30 10:45,4.926991818895253
2024/11/30 11:00,4.636585660380627
2024/11/30 11:15,4.396565543802191
2024/11/30 11:30,4.192736361347156
2024/11/30 11:45,3.4934569254108254
2024/11/30 12:00,3.26484327777879
2024/11/30 12:15,2.921447382983489
2024/11/30 12:30,2.6661537862779863
2024/11/30 12:45,2.441910335348692
2024/11/30 13:00,2.206565978327228
2024/11/30 13:15,2.1224215359564043
2024/11/30 13:30,2.063541135276646
2024/11/30 13:45,2.087306122624454
2024/11/30 14:00,2.2173945954537384
2024/11/30 14:15,2.139330647350272
2024/11/30 14:30,2.1500461823221038
2024/11/30 14:45,2.5011363452270285
2024/11/30 15:00,2.7430694529797712
2024/11/30 15:15,3.0428645804337613
2024/11/30 15:30,3.315136832613123
2024/11/30 15:45,3.645978316043824
2024/11/30 16:00,4.196445238781404
2024/11/30 16:15,4.512848443848054
2024/11/30 16:30,4.741096583113528
2024/11/30 16:45,5.065947392034863
2024/11/30 17:00,5.373369168919781
2024/11/30 17:15,5.90985673153158
2024/11/30 17:30,6.233755687588883
2024/11/30 17:45,6.500667163299286
2024/11/30 18:00,6.794582930886109
2024/11/30 18:15,7.064097221320801
2024/11/30 18:30,7.188056713833685
2024/11/30 18:45,7.288253551740626
2024/11/30 19:00,7.2573331363995
2024/11/30 19:15,7.1822181060258
2024/11/30 19:30,7.079710188061714
2024/11/30 19:45,7.085797668097449
2024/11/30 20:00,6.781434466728315
2024/11/30 20:15,6.509343685481188
2024/11/30 20:30,6.302360297487796
2024/11/30 20:45,5.848547130784377
2024/11/30 21:00,5.610708958395029
2024/11/30 21:15,5.296553940604851
2024/11/30 21:30,5.035660139148306
2024/11/30 21:45,4.742902036711195
2024/11/30 22:00,4.539203777852353
2024/11/30 22:15,4.335158058450241
2024/11/30 22:30,4.296735450495314
2024/11/30 22:45,4.279889538776654
2024/11/30 23:00,4.548293839002463
2024/11/30 23:15,4.845285415887792
2024/11/30 23:30,5.177837244620352
2024/11/30 23:45,5.615373325414014
2024/12/1 0:00,6.240139801817581
2024/12/1 0:15,6.839292013394695
2024/12/1 0:30,7.361876736449818
2024/12/1 0:45,7.844753089336352
2024/12/1 1:00,8.193596940217077
2024/12/1 1:15,8.4233040938452
2024/12/1 1:30,8.403135559834958
2024/12/1 1:45,8.353965914115072
2024/12/1 2:00,8.02509424123391
2024/12/1 2:15,7.481221730406958
2024/12/1 2:30,6.957953591199761
2024/12/1 2:45,6.2481608696498245
2024/12/1 3:00,5.910381119616745
2024/12/1 3:15,4.601737153679654
2024/12/1 3:30,3.989126973304474
2024/12/1 3:45,3.3234294652810963
2024/12/1 4:00,2.7995568057918176
2024/12/1 4:15,2.479732738095238
2024/12/1 4:30,2.203318881118881
2024/12/1 4:45,1.9353672808672815
2024/12/1 5:00,1.7281238460021715
2024/12/1 5:15,1.664440010294746
2024/12/1 5:30,1.7183006381856225
2024/12/1 5:45,1.8312672480669945
2024/12/1 6:00,1.945434176817759
2024/12/1 6:15,2.2538661988999174
2024/12/1 6:30,2.483856015084405
2024/12/1 6:45,2.675561856914962
2024/12/1 7:00,3.0149534016581385
2024/12/1 7:15,3.40919216809214
2024/12/1 7:30,3.872755947306437
2024/12/1 7:45,4.189797406766574
2024/12/1 8:00,4.588024312335225
2024/12/1 8:15,4.893828492121679
2024/12/1 8:30,5.19284459206049
2024/12/1 8:45,5.402084692832071
2024/12/1 9:00,5.653997275689785
2024/12/1 9:15,5.719134538867288
2024/12/1 9:30,5.796373316174272
2024/12/1 9:45,5.737067351939134
2024/12/1 10:00,5.652271425899484
2024/12/1 10:15,5.434940947342882
2024/12/1 10:30,5.184427193862053
2024/12/1 10:45,4.947534736402678
2024/12/1 11:00,4.634678784058274
2024/12/1 11:15,4.442421990258243
2024/12/1 11:30,3.8987944248293065
2024/12/1 11:45,3.4932954015929414
2024/12/1 12:00,3.224478394130847
2024/12/1 12:15,2.963300007331906
2024/12/1 12:30,2.6974241231491005
2024/12/1 12:45,2.380246585703043
2024/12/1 13:00,2.2665071704069946
2024/12/1 13:15,2.2339488735173973
2024/12/1 13:30,2.036340016726008
2024/12/1 13:45,2.0455242107572227
2024/12/1 14:00,2.055474887801574
2024/12/1 14:15,2.2112843428466955
2024/12/1 14:30,2.387113276816782
2024/12/1 14:45,2.4039577205472766
2024/12/1 15:00,2.8761421115345764
2024/12/1 15:15,2.9378306669105383
2024/12/1 15:30,3.2381003185827826
2024/12/1 15:45,3.5156347167993265
2024/12/1 16:00,3.941530453991858
2024/12/1 16:15,4.370768342279928
2024/12/1 16:30,4.753189908357465
2024/12/1 16:45,4.94305304947976
2024/12/1 17:00,5.554659906416731
2024/12/1 17:15,5.930353762130635
2024/12/1 17:30,6.217363624168229
2024/12/1 17:45,6.557204836788765
2024/12/1 18:00,6.817416785057325
2024/12/1 18:15,7.100592116786105
2024/12/1 18:30,7.185896495765524
2024/12/1 18:45,7.316206041430528
2024/12/1 19:00,7.272130126556743
2024/12/1 19:15,7.302202973221539
2024/12/1 19:30,7.187240838550683
2024/12/1 19:45,7.010881053590318
2024/12/1 20:00,6.723917753447917
2024/12/1 20:15,6.502437521176971
2024/12/1 20:30,6.058939562821235
2024/12/1 20:45,5.986487202468399
2024/12/1 21:00,5.664324898286761
2024/12/1 21:15,5.313447667939311
2024/12/1 21:30,4.9662360221501975
2024/12/1 21:45,4.677720390848678
2024/12/1 22:00,4.471429520392972
2024/12/1 22:15,4.37639319644345
2024/12/1 22:30,4.286591374730075
2024/12/1 22:45,4.327757465154835
2024/12/1 23:00,4.510066150110792
2024/12/1 23:15,4.798680528367763
2024/12/1 23:30,5.282303412140514
2024/12/1 23:45,5.611473571018476
2024/12/2 0:00,6.224041513589885
2024/12/2 0:15,6.81100178439301
2024/12/2 0:30,7.577615082029569
2024/12/2 0:45,7.964095184175726
2024/12/2 1:00,8.332945579598507
2024/12/2 1:15,8.543339623084844
2024/12/2 1:30,8.529444693889046
2024/12/2 1:45,8.36970253257922
2024/12/2 2:00,7.92061078282828
2024/12/2 2:15,7.532792763301427
2024/12/2 2:30,7.218277781483067
2024/12/2 2:45,6.2638130194708665
2024/12/2 3:00,5.869294693037608
2024/12/2 3:15,4.718955883838383
2024/12/2 3:30,4.039707649185255
2024/12/2 3:45,3.4566732894736845
2024/12/2 4:00,2.876289552202185
2024/12/2 4:15,2.338896538596312
2024/12/2 4:30,2.054719996670681
2024/12/2 4:45,1.8025403858887088
2024/12/2 5:00,1.6965372907243224
2024/12/2 5:15,1.6907148245223471
2024/12/2 5:30,1.71833418243157
2024/12/2 5:45,1.8052443393748103
2024/12/2 6:00,1.8930367366870708
2024/12/2 6:15,2.1925243392305096
2024/12/2 6:30,2.5333278946873445
2024/12/2 6:45,2.666539934536463
2024/12/2 7:00,3.1671425656167584
2024/12/2 7:15,3.4025577350319627
2024/12/2 7:30,3.857683440430327
2024/12/2 7:45,4.188914682456384
2024/12/2 8:00,4.5955315200866185
2024/12/2 8:15,4.866031572108678
2024/12/2 8:30,5.26586708133124
2024/12/2 8:45,5.537668114754129
2024/12/2 9:00,5.690167214861884
2024/12/2 9:15,5.746684259862081
2024/12/2 9:30,5.767180645590558
2024/12/2 9:45,5.752434374279731
2024/12/2 10:00,5.608309971128757
2024/12/2 10:15,5.379075613169335
2024/12/2 10:30,5.139563147941081
2024/12/2 10:45,4.94401003609385
2024/12/2 11:00,4.6381641788282
2024/12/2 11:15,4.230414343821314
2024/12/2 11:30,3.8661731633382193
2024/12/2 11:45,3.532414042160964
2024/12/2 12:00,3.115731611037368
2024/12/2 12:15,2.823126126474292
2024/12/2 12:30,2.6426518888645303
2024/12/2 12:45,2.389077709699424
2024/12/2 13:00,2.222116782579524
2024/12/2 13:15,2.151701588044008
2024/12/2 13:30,2.0830320221761656
2024/12/2 13:45,2.02351801210984
2024/12/2 14:00,2.1024205517690016
2024/12/2 14:15,2.266588220402645
2024/12/2 14:30,2.308220988159322
2024/12/2 14:45,2.465405803339173
2024/12/2 15:00,2.8521390387344767
2024/12/2 15:15,2.958658274137364
2024/12/2 15:30,3.204386194508108
2024/12/2 15:45,3.5732681077701414
2024/12/2 16:00,3.921378262841811
2024/12/2 16:15,4.418230078706561
2024/12/2 16:30,4.699085012199807
2024/12/2 16:45,5.118155858686702
2024/12/2 17:00,5.5357317804831245
2024/12/2 17:15,5.890903192272151
2024/12/2 17:30,6.187503234746299
2024/12/2 17:45,6.525064382794995
2024/12/2 18:00,6.796240684458532
2024/12/2 18:15,6.969596852526784
2024/12/2 18:30,7.185876927101845
2024/12/2 18:45,7.282189086390125
2024/12/2 19:00,7.260515382597358
2024/12/2 19:15,7.223214496467981
2024/12/2 19:30,7.099512242599277
2024/12/2 19:45,6.894889272179215
2024/12/2 20:00,6.823801813174726
2024/12/2 20:15,6.433845847636736
2024/12/2 20:30,6.287842263008908
2024/12/2 20:45,5.899182452406016
2024/12/2 21:00,5.611540543386732
2024/12/2 21:15,5.246109474665365
2024/12/2 21:30,4.968501602735195
2024/12/2 21:45,4.67360589893653
2024/12/2 22:00,4.465720615244242
2024/12/2 22:15,4.202932163425007
2024/12/2 22:30,4.310648820109883
2024/12/2 22:45,4.380115807874267
2024/12/2 23:00,4.586566112782219
2024/12/2 23:15,4.973811905525031
2024/12/2 23:30,5.302885600069804
2024/12/2 23:45,5.632705807330796
2024/12/3 0:00,6.259268014963372
2024/12/3 0:15,6.837645150393804
2024/12/3 0:30,7.295087705802158
2024/12/3 0:45,7.820142743307667
2024/12/3 1:00,8.163188314691158
2024/12/3 1:15,8.448111460712493
2024/12/3 1:30,8.501144819084983
2024/12/3 1:45,8.380966708649966
2024/12/3 2:00,8.023273368763931
2024/12/3 2:15,7.542286618799109
2024/12/3 2:30,6.88928209585792
2024/12/3 2:45,6.212715313288162
2024/12/3 3:00,5.712412509267328
2024/12/3 3:15,4.645255079365078
2024/12/3 3:30,4.11161180952381
2024/12/3 3:45,3.334186381257631
2024/12/3 4:00,2.837176201086495
2024/12/3 4:15,2.477117906766878
2024/12/3 4:30,2.0496276253132826
2024/12/3 4:45,1.8556526999389504
2024/12/3 5:00,1.6642484717532011
2024/12/3 5:15,1.5828134890062706
2024/12/3 5:30,1.653533356977542
2024/12/3 5:45,1.7249559355081556
2024/12/3 6:00,1.9137105103627492
2024/12/3 6:15,2.1513902201759194
2024/12/3 6:30,2.426268692537468
2024/12/3 6:45,2.8257556327841926
2024/12/3 7:00,3.1385549242833477
2024/12/3 7:15,3.52293316655776
2024/12/3 7:30,3.8986638072121376
2024/12/3 7:45,4.142122470237053
2024/12/3 8:00,4.5563052518114615
2024/12/3 8:15,4.862242820179974
2024/12/3 8:30,5.171839018070846
2024/12/3 8:45,5.503337081062926
2024/12/3 9:00,5.711588966412373
2024/12/3 9:15,5.756195713871116
2024/12/3 9:30,5.829946255729056
2024/12/3 9:45,5.78292158347325
2024/12/3 10:00,5.621900552792446
2024/12/3 10:15,5.455012043765997
2024/12/3 10:30,5.247575600699795
2024/12/3 10:45,4.958054293410505
2024/12/3 11:00,4.495707026051305
2024/12/3 11:15,4.267525464148172
2024/12/3 11:30,3.8154356416289033
2024/12/3 11:45,3.4910111163153257
2024/12/3 12:00,3.165647469860996
2024/12/3 12:15,2.876176249415773
2024/12/3 12:30,2.707475199287184
2024/12/3 12:45,2.3251904028942763
2024/12/3 13:00,2.26399625628727
2024/12/3 13:15,2.149837820991684
2024/12/3 13:30,2.010948805790316
2024/12/3 13:45,2.0817466229584296
2024/12/3 14:00,2.031215903877582
2024/12/3 14:15,2.19856572208392
2024/12/3 14:30,2.34585047436619
2024/12/3 14:45,2.3997519384123205
2024/12/3 15:00,2.6571289672076763
2024/12/3 15:15,2.886261397532241
2024/12/3 15:30,3.1920306679351724
2024/12/3 15:45,3.5882187868155087
2024/12/3 16:00,3.9997867766527664
2024/12/3 16:15,4.3496797447753766
2024/12/3 16:30,4.7361954079944
2024/12/3 16:45,5.1627492890630124
2024/12/3 17:00,5.507820672889647
2024/12/3 17:15,5.893384049025327
2024/12/3 17:30,6.249930227346897
2024/12/3 17:45,6.563121357735776
2024/12/3 18:00,6.774851032088841
2024/12/3 18:15,7.022966290925754
2024/12/3 18:30,7.19410419456496
2024/12/3 18:45,7.23524218196897
2024/12/3 19:00,7.42321236395972
2024/12/3 19:15,7.241060972644192
2024/12/3 19:30,7.2008898544206055
2024/12/3 19:45,6.926326725188421
2024/12/3 20:00,6.867252444667933
2024/12/3 20:15,6.484734838645676
2024/12/3 20:30,6.181076984436683
2024/12/3 20:45,6.053487215778266
2024/12/3 21:00,5.655604633967276
2024/12/3 21:15,5.359003671685501
2024/12/3 21:30,4.948675068590823
2024/12/3 21:45,4.679239217897436
2024/12/3 22:00,4.438356237253086
2024/12/3 22:15,4.268719774299385
2024/12/3 22:30,4.254653128667919
2024/12/3 22:45,4.328333988160981
2024/12/3 23:00,4.475811400359877
2024/12/3 23:15,4.690754249943462
2024/12/3 23:30,5.152252146312288
2024/12/3 23:45,5.5528203151325535
2024/12/4 0:00,6.074606932078586
2024/12/4 0:15,6.607030941078189
2024/12/4 0:30,7.367971165721535
2024/12/4 0:45,7.848468686229227
2024/12/4 1:00,8.29772801259499
2024/12/4 1:15,8.619288999254078
2024/12/4 1:30,8.647295492259078
2024/12/4 1:45,8.404650737995414
2024/12/4 2:00,8.059570486628523
2024/12/4 2:15,7.561473325010228
2024/12/4 2:30,6.982569422605102
2024/12/4 2:45,6.24423937242308
2024/12/4 3:00,5.356812523381368
2024/12/4 3:15,4.599476944444445
2024/12/4 3:30,3.92273556857332
2024/12/4 3:45,3.315552791360686
2024/12/4 4:00,2.8116993219791886
2024/12/4 4:15,2.3511208314887733
2024/12/4 4:30,2.058122835396516
2024/12/4 4:45,1.7555206698857575
2024/12/4 5:00,1.6795168540706822
2024/12/4 5:15,1.6649039021722252
2024/12/4 5:30,1.6363786464688916
2024/12/4 5:45,1.8102843174291776
2024/12/4 6:00,1.9481237748225264
2024/12/4 6:15,2.120318335969586
2024/12/4 6:30,2.526487705106863
2024/12/4 6:45,2.749867144039545
2024/12/4 7:00,3.089593409293039
2024/12/4 7:15,3.542122921058364
2024/12/4 7:30,3.864101003345699
2024/12/4 7:45,4.207685107616875
2024/12/4 8:00,4.58409393375779
2024/12/4 8:15,4.868885728436071
2024/12/4 8:30,5.233494628224911
2024/12/4 8:45,5.4712019294939696
2024/12/4 9:00,5.730217559345696
2024/12/4 9:15,5.847551933532163
2024/12/4 9:30,5.80339257364716
2024/12/4 9:45,5.7196232832041165
2024/12/4 10:00,5.631506438094672
2024/12/4 10:15,5.39316932567546
2024/12/4 10:30,5.14729630184362
2024/12/4 10:45,4.960575934832416
2024/12/4 11:00,4.584629046264221
2024/12/4 11:15,4.284236152018107
2024/12/4 11:30,3.91216320009042
2024/12/4 11:45,3.461619892195184
2024/12/4 12:00,3.253570195259756
2024/12/4 12:15,2.9169929846413605
2024/12/4 12:30,2.6632718143720724
2024/12/4 12:45,2.471921454904928
2024/12/4 13:00,2.2741673938533715
2024/12/4 13:15,2.1836993409599645
2024/12/4 13:30,2.0279192327794444
2024/12/4 13:45,2.077166772320275
2024/12/4 14:00,2.079560051836556
2024/12/4 14:15,2.2061389220158
2024/12/4 14:30,2.1914906299761627
2024/12/4 14:45,2.4333927997114104
2024/12/4 15:00,2.742857658653491
2024/12/4 15:15,2.9184052273346253
2024/12/4 15:30,3.310846248648554
2024/12/4 15:45,3.628871791770807
2024/12/4 16:00,3.926533687832928
2024/12/4 16:15,4.381809473959457
2024/12/4 16:30,4.736905197557565
2024/12/4 16:45,4.9163914251422165
2024/12/4 17:00,5.542105659133905
2024/12/4 17:15,5.950195599000729
2024/12/4 17:30,6.148951693758725
2024/12/4 17:45,6.454456503545473
2024/12/4 18:00,6.809024254726691
2024/12/4 18:15,6.9451709405082855
2024/12/4 18:30,7.155984025573914
2024/12/4 18:45,7.252233363459598
2024/12/4 19:00,7.317786737898022
2024/12/4 19:15,7.260617941726845
2024/12/4 19:30,7.391212104361504
2024/12/4 19:45,6.978370422317658
2024/12/4 20:00,6.804336587280253
2024/12/4 20:15,6.542651583753546
2024/12/4 20:30,6.39561192148386
2024/12/4 20:45,5.940296841103755
2024/12/4 21:00,5.589909678724634
2024/12/4 21:15,5.2632052392119695
2024/12/4 21:30,4.939766792696651
2024/12/4 21:45,4.661547360966846
2024/12/4 22:00,4.4284364804405
2024/12/4 22:15,4.272086740966699
2024/12/4 22:30,4.240175953883348
2024/12/4 22:45,4.32037326315216
2024/12/4 23:00,4.552565617146207
2024/12/4 23:15,4.535272889064872
2024/12/4 23:30,4.816099125600568
2024/12/4 23:45,5.616307790172916
2024/12/5 0:00,5.8212670045100925
2024/12/5 0:15,5.94927599775955
2024/12/5 0:30,6.263560144540275
2024/12/5 0:45,6.578565070207567
2024/12/5 1:00,6.735793557803301
2024/12/5 1:15,7.067312384366336
2024/12/5 1:30,7.155094923662135
2024/12/5 1:45,7.157942499331938
2024/12/5 2:00,7.24996565706004
2024/12/5 2:15,7.290025294209341
2024/12/5 2:30,7.187440173404898
2024/12/5 2:45,6.808177173020268
2024/12/5 3:00,6.537067127466328
2024/12/5 3:15,6.292922964695621
2024/12/5 3:30,5.848510422373028
2024/12/5 3:45,5.345644565629368
2024/12/5 4:00,5.039684227063641
2024/12/5 4:15,4.567790880941236
2024/12/5 4:30,4.155997966791979
2024/12/5 4:45,3.7629243354133903
2024/12/5 5:00,3.278869226221845
2024/12/5 5:15,3.031414651218664
2024/12/5 5:30,2.928644999482397
2024/12/5 5:45,2.7728542372164173
2024/12/5 6:00,2.6321627852633367
2024/12/5 6:15,2.372556877890128
2024/12/5 6:30,2.3527427870883706
2024/12/5 6:45,2.522969201650203
2024/12/5 7:00,2.4660289031851748
2024/12/5 7:15,2.537909005714242
2024/12/5 7:30,2.5659180029768662
2024/12/5 7:45,2.7799231892692995
2024/12/5 8:00,2.8606674839990704
2024/12/5 8:15,2.920561398979867
2024/12/5 8:30,3.229101470126518
2024/12/5 8:45,3.4473258023847517
2024/12/5 9:00,3.722949417233815
2024/12/5 9:15,4.135910022466696
2024/12/5 9:30,4.368342465785639
2024/12/5 9:45,4.606138471141334
2024/12/5 10:00,4.952938021589441
2024/12/5 10:15,5.219722087192999
2024/12/5 10:30,5.419983692642923
2024/12/5 10:45,5.689748251599763
2024/12/5 11:00,6.001833397410799
2024/12/5 11:15,6.330875346691957
2024/12/5 11:30,6.667022771240197
2024/12/5 11:45,6.948528293650795
2024/12/5 12:00,7.183252063492064
2024/12/5 12:15,7.363208055555561
2024/12/5 12:30,7.640051228991596
2024/12/5 12:45,7.875186766566768
2024/12/5 13:00,7.990297208057941
2024/12/5 13:15,8.1235897413368
2024/12/5 13:30,8.135464450289781
2024/12/5 13:45,8.17085140201744
2024/12/5 14:00,8.257319586997204
2024/12/5 14:15,8.287056170898039
2024/12/5 14:30,8.193074135484983
2024/12/5 14:45,8.243767127567725
2024/12/5 15:00,8.17554589157192
2024/12/5 15:15,8.235313757567504
2024/12/5 15:30,7.93368647122607
2024/12/5 15:45,7.936935927321848
2024/12/5 16:00,8.05210364385234
2024/12/5 16:15,7.836643697675496
2024/12/5 16:30,7.850349801671713
2024/12/5 16:45,7.848473585517238
2024/12/5 17:00,7.822950669775959
2024/12/5 17:15,7.819993954541649
2024/12/5 17:30,7.917568052903513
2024/12/5 17:45,7.999707662051978
2024/12/5 18:00,8.19183683425361
2024/12/5 18:15,8.280224691017185
2024/12/5 18:30,8.458675768169744
2024/12/5 18:45,8.518360366750592
2024/12/5 19:00,8.567299642520066
2024/12/5 19:15,8.589189250450822
2024/12/5 19:30,8.585372170755054
2024/12/5 19:45,8.575351858072741
2024/12/5 20:00,8.294776793705472
2024/12/5 20:15,8.150610381161234
2024/12/5 20:30,8.043841926269355
2024/12/5 20:45,7.704592717247627
2024/12/5 21:00,7.3071016990081565
2024/12/5 21:15,6.962439562161974
2024/12/5 21:30,6.507113707249777
2024/12/5 21:45,6.108627489061584
2024/12/5 22:00,5.896026689946876
2024/12/5 22:15,5.57644614300758
2024/12/5 22:30,5.3950362466018
2024/12/5 22:45,5.304731085139947
2024/12/5 23:00,5.025905124521073
2024/12/5 23:15,5.1245498794042215
2024/12/5 23:30,5.329593899988899
2024/12/5 23:45,5.603949214816229
2024/12/6 0:00,5.834518675085146
2024/12/6 0:15,6.027566802002091
2024/12/6 0:30,6.290290353217514
2024/12/6 0:45,6.493299069776689
2024/12/6 1:00,6.783453575868834
2024/12/6 1:15,6.942169396871314
2024/12/6 1:30,7.186116709255083
2024/12/6 1:45,7.273701895064536
2024/12/6 2:00,7.298362273355661
2024/12/6 2:15,7.423629921588859
2024/12/6 2:30,7.138288516539767
2024/12/6 2:45,6.830094047790443
2024/12/6 3:00,6.531148286395201
2024/12/6 3:15,6.233395652182172
2024/12/6 3:30,5.834497687856206
2024/12/6 3:45,5.419427086530663
2024/12/6 4:00,4.992172348156792
2024/12/6 4:15,4.444490591015363
2024/12/6 4:30,4.044715042199182
2024/12/6 4:45,3.716181690815032
2024/12/6 5:00,3.4141139869492867
2024/12/6 5:15,3.1132876900790545
2024/12/6 5:30,2.8887611364743737
2024/12/6 5:45,2.6786334435469104
2024/12/6 6:00,2.569696292985986
2024/12/6 6:15,2.3700311934420397
2024/12/6 6:30,2.346360051066028
2024/12/6 6:45,2.4840257002973907
2024/12/6 7:00,2.3454053953674703
2024/12/6 7:15,2.512238558374087
2024/12/6 7:30,2.6513227683707425
2024/12/6 7:45,2.680139737418244
2024/12/6 8:00,2.75502094559674
2024/12/6 8:15,2.9776494149678268
2024/12/6 8:30,3.2945318297040096
2024/12/6 8:45,3.524876823410352
2024/12/6 9:00,3.6592469323661714
2024/12/6 9:15,3.99178099191658
2024/12/6 9:30,4.158710949776658
2024/12/6 9:45,4.553348639761483
2024/12/6 10:00,4.8658842287621935
2024/12/6 10:15,5.200310021952257
2024/12/6 10:30,5.401887910205765
2024/12/6 10:45,5.700492771532016
2024/12/6 11:00,6.165021701141613
2024/12/6 11:15,6.332383409649161
2024/12/6 11:30,6.545011269841265
2024/12/6 11:45,6.738453335159681
2024/12/6 12:00,7.14536962168784
2024/12/6 12:15,7.271967226157876
2024/12/6 12:30,7.533904698786983
2024/12/6 12:45,7.662174528988573
2024/12/6 13:00,7.903514761268758
2024/12/6 13:15,8.097206039415706
2024/12/6 13:30,8.157395242768127
2024/12/6 13:45,8.290780970581245
2024/12/6 14:00,8.236621816537603
2024/12/6 14:15,8.304156135581788
2024/12/6 14:30,8.275793149561622
2024/12/6 14:45,8.23632368180341
2024/12/6 15:00,8.151463061927906
2024/12/6 15:15,8.028189943077853
2024/12/6 15:30,8.06628409270026
2024/12/6 15:45,7.992493419707116
2024/12/6 16:00,7.890954434690048
2024/12/6 16:15,7.832625700882993
2024/12/6 16:30,7.880793945789426
2024/12/6 16:45,7.820618938916262
2024/12/6 17:00,7.847658811309119
2024/12/6 17:15,7.927369774850235
2024/12/6 17:30,7.992095502922364
2024/12/6 17:45,7.944123579936376
2024/12/6 18:00,8.1529096559896
2024/12/6 18:15,8.330084802128855
2024/12/6 18:30,8.4769647252584
2024/12/6 18:45,8.471669290824225
2024/12/6 19:00,8.541786876962515
2024/12/6 19:15,8.543696141221046
2024/12/6 19:30,8.564169181542972
2024/12/6 19:45,8.543938936469958
2024/12/6 20:00,8.28933265008874
2024/12/6 20:15,8.223566473510497
2024/12/6 20:30,8.013066835327782
2024/12/6 20:45,7.62077403961093
2024/12/6 21:00,7.301155829669402
2024/12/6 21:15,6.900014149471369
2024/12/6 21:30,6.5435330533842615
2024/12/6 21:45,6.144327759308961
2024/12/6 22:00,5.93124163839552
2024/12/6 22:15,5.61582386426165
2024/12/6 22:30,5.261734903458065
2024/12/6 22:45,5.114838647043921
2024/12/6 23:00,5.197056620416621
2024/12/6 23:15,5.24402884920635
2024/12/6 23:30,5.322848452380953
2024/12/6 23:45,5.462596643873709
2024/12/7 0:00,6.170881657763852
2024/12/7 0:15,6.784823997113997
2024/12/7 0:30,7.324436713564212
2024/12/7 0:45,7.841364357864357
2024/12/7 1:00,8.2172573275993
2024/12/7 1:15,8.442004805872658
2024/12/7 1:30,8.454699659740385
2024/12/7 1:45,8.431258527302424
2024/12/7 2:00,8.049018402924597
2024/12/7 2:15,7.578729791053051
2024/12/7 2:30,6.944381838047557
2024/12/7 2:45,6.112704624542123
2024/12/7 3:00,5.703982268649225
2024/12/7 3:15,4.607096150400511
2024/12/7 3:30,4.153830546887191
2024/12/7 3:45,3.425913309990662
2024/12/7 4:00,2.8432674531024524
2024/12/7 4:15,2.428322267479264
2024/12/7 4:30,1.9960899141477435
2024/12/7 4:45,1.7394560258450698
2024/12/7 5:00,1.683018773486188
2024/12/7 5:15,1.6516473292746676
2024/12/7 5:30,1.6875404309886504
2024/12/7 5:45,1.744007441031191
2024/12/7 6:00,1.999928010938295
2024/12/7 6:15,2.214816334083314
2024/12/7 6:30,2.1643563160047754
2024/12/7 6:45,2.814217559408236
2024/12/7 7:00,3.0531426408472453
2024/12/7 7:15,3.469270653950037
2024/12/7 7:30,3.872715281244973
2024/12/7 7:45,4.295120136789439
2024/12/7 8:00,4.425622795815296
2024/12/7 8:15,4.862064905766747
2024/12/7 8:30,5.085279303110442
2024/12/7 8:45,5.656027727269264
2024/12/7 9:00,5.769420196438294
2024/12/7 9:15,5.710779148514681
2024/12/7 9:30,5.559183673696428
2024/12/7 9:45,5.767759332098373
2024/12/7 10:00,5.711342653875773
2024/12/7 10:15,5.485454901606719
2024/12/7 10:30,5.183470848208235
2024/12/7 10:45,4.884109696880743
2024/12/7 11:00,4.633724903199041
2024/12/7 11:15,4.326107043658255
2024/12/7 11:30,3.840207028444345
2024/12/7 11:45,3.4082495856303865
2024/12/7 12:00,3.211065307448138
2024/12/7 12:15,2.861682249207273
2024/12/7 12:30,2.6307436353423044
2024/12/7 12:45,2.475737089960324
2024/12/7 13:00,2.2821288579504664
2024/12/7 13:15,2.064348326124649
2024/12/7 13:30,2.17416694161242
2024/12/7 13:45,2.2275106016635693
2024/12/7 14:00,2.0947508050535606
2024/12/7 14:15,2.228546281370385
2024/12/7 14:30,2.230875231871714
2024/12/7 14:45,2.4135642151687136
2024/12/7 15:00,2.825679302300604
2024/12/7 15:15,3.0713537064981207
2024/12/7 15:30,3.2759765817857094
2024/12/7 15:45,3.654769232380379
2024/12/7 16:00,4.061146945607832
2024/12/7 16:15,4.398027282538592
2024/12/7 16:30,5.022354354852075
2024/12/7 16:45,5.212603206146313
2024/12/7 17:00,5.570959938080008
2024/12/7 17:15,5.987452384067053
2024/12/7 17:30,6.2051739387182
2024/12/7 17:45,6.592191592486841
2024/12/7 18:00,6.793119521259501
2024/12/7 18:15,7.03912516061636
2024/12/7 18:30,7.087834197025099
2024/12/7 18:45,7.261899389941867
2024/12/7 19:00,7.289181632408106
2024/12/7 19:15,7.286294983906519
2024/12/7 19:30,7.217280868517801
2024/12/7 19:45,7.0068666178499415
2024/12/7 20:00,7.082718564182442
2024/12/7 20:15,6.445140562770563
2024/12/7 20:30,6.224216785714285
2024/12/7 20:45,5.888248023557156
2024/12/7 21:00,5.574926548942082
2024/12/7 21:15,5.21617613854678
2024/12/7 21:30,4.911652011763769
2024/12/7 21:45,4.783467633805841
2024/12/7 22:00,4.438844137476963
2024/12/7 22:15,4.294670268230344
2024/12/7 22:30,4.253396266164715
2024/12/7 22:45,4.431543808423619
2024/12/7 23:00,4.517904117943034
2024/12/7 23:15,4.725604820844178
2024/12/7 23:30,5.182015216456645
2024/12/7 23:45,5.5870478611541055
2024/12/8 0:00,6.116830097559601
2024/12/8 0:15,6.74259002757278
2024/12/8 0:30,7.525448124755964
2024/12/8 0:45,7.807717936507938
2024/12/8 1:00,8.225243507955657
2024/12/8 1:15,8.60907827578107
2024/12/8 1:30,8.432904959990067
2024/12/8 1:45,8.45798964260602
2024/12/8 2:00,7.826636822720355
2024/12/8 2:15,7.54311264136559
2024/12/8 2:30,6.854680931104517
2024/12/8 2:45,6.184510850139025
2024/12/8 3:00,5.74831740386779
2024/12/8 3:15,4.631493492063494
2024/12/8 3:30,4.01529227620075
2024/12/8 3:45,3.296632338217337
2024/12/8 4:00,2.7647007108680786
2024/12/8 4:15,2.3975998494973494
2024/12/8 4:30,1.9855598430914796
2024/12/8 4:45,1.855455556782752
2024/12/8 5:00,1.6565499434642108
2024/12/8 5:15,1.6322391246190222
2024/12/8 5:30,1.662331127109333
2024/12/8 5:45,1.8406861394375664
2024/12/8 6:00,1.931053122455976
2024/12/8 6:15,2.1895252693055163
2024/12/8 6:30,2.468686464090962
2024/12/8 6:45,2.729042557109972
2024/12/8 7:00,3.12980207302346
2024/12/8 7:15,3.4741937091885133
2024/12/8 7:30,3.86671606249424
2024/12/8 7:45,4.2005725366901405
2024/12/8 8:00,4.519955129926118
2024/12/8 8:15,4.944985308611639
2024/12/8 8:30,5.3515604746403485
2024/12/8 8:45,5.523457554190489
2024/12/8 9:00,5.68256977236844
2024/12/8 9:15,5.757070249502022
2024/12/8 9:30,5.760610301758445
2024/12/8 9:45,5.71271492906553
2024/12/8 10:00,5.651136335861869
2024/12/8 10:15,5.465961428444335
2024/12/8 10:30,5.112017474038584
2024/12/8 10:45,4.953085634082984
2024/12/8 11:00,4.609787523122812
2024/12/8 11:15,4.270387111101444
2024/12/8 11:30,3.9204875519215134
2024/12/8 11:45,3.5034639268444376
2024/12/8 12:00,3.158972137490207
2024/12/8 12:15,2.932878619104842
2024/12/8 12:30,2.712423914769368
2024/12/8 12:45,2.510432309408986
2024/12/8 13:00,2.3195798909322662
2024/12/8 13:15,2.252901200083178
2024/12/8 13:30,2.135331479413644
2024/12/8 13:45,2.058068914451029
2024/12/8 14:00,2.153992024147229
2024/12/8 14:15,2.2971149772182926
2024/12/8 14:30,2.4031493788628797
2024/12/8 14:45,2.520099917510768
2024/12/8 15:00,2.843818316551675
2024/12/8 15:15,2.9070140854364954
2024/12/8 15:30,3.2986761607416497
2024/12/8 15:45,3.6452940428355207
2024/12/8 16:00,4.062515754780716
2024/12/8 16:15,4.402513800681259
2024/12/8 16:30,4.784261624344681
2024/12/8 16:45,5.154496031890575
2024/12/8 17:00,5.631062009252172
2024/12/8 17:15,5.884972657189732
2024/12/8 17:30,6.112994076947624
2024/12/8 17:45,6.49370845814102
2024/12/8 18:00,6.790472549264622
2024/12/8 18:15,7.008440102408514
2024/12/8 18:30,7.105912715202721
2024/12/8 18:45,7.336702102472683
2024/12/8 19:00,7.241068252726394
2024/12/8 19:15,7.215383800945651
2024/12/8 19:30,7.190818006899634
2024/12/8 19:45,7.255195164511424
2024/12/8 20:00,6.604285045857706
2024/12/8 20:15,6.423508110455424
2024/12/8 20:30,6.143070341185905
2024/12/8 20:45,6.034083818149536
2024/12/8 21:00,5.63266876729611
2024/12/8 21:15,5.251672529547509
2024/12/8 21:30,5.03246902481047
2024/12/8 21:45,4.619129562500601
2024/12/8 22:00,4.408598136528226
2024/12/8 22:15,4.255052463515947
2024/12/8 22:30,4.28646285144189
2024/12/8 22:45,4.605891776556775
2024/12/8 23:00,4.480453884146102
2024/12/8 23:15,4.561754393435708
2024/12/8 23:30,5.095916292201735
2024/12/8 23:45,5.444834623786843
2024/12/9 0:00,6.090254381883215
2024/12/9 0:15,6.765387576827808
2024/12/9 0:30,7.443994040463064
2024/12/9 0:45,7.82271499084249
2024/12/9 1:00,8.28907696955619
2024/12/9 1:15,8.617109934829324
2024/12/9 1:30,8.512912074966337
2024/12/9 1:45,8.343294034772525
2024/12/9 2:00,8.029246690009337
2024/12/9 2:15,7.561343828888834
2024/12/9 2:30,6.916937545459904
2024/12/9 2:45,6.225580937506939
2024/12/9 3:00,5.4863932652391805
2024/12/9 3:15,4.585800912698414
2024/12/9 3:30,3.9691640273615274
2024/12/9 3:45,3.256353514475291
2024/12/9 4:00,2.722033632478633
2024/12/9 4:15,2.323449561724825
2024/12/9 4:30,2.0382568052372467
2024/12/9 4:45,1.844972286707261
2024/12/9 5:00,1.8305867383643604
2024/12/9 5:15,1.8476723654123648
2024/12/9 5:30,1.8403148618932808
2024/12/9 5:45,1.8311458225108237
2024/12/9 6:00,1.984979052294018
2024/12/9 6:15,2.406859980725728
2024/12/9 6:30,2.3182948687467118
2024/12/9 6:45,2.39918737342415
2024/12/9 7:00,3.0652904083636474
2024/12/9 7:15,3.409049490866052
2024/12/9 7:30,3.854650820484181
2024/12/9 7:45,4.153247617934875
2024/12/9 8:00,4.567859258862064
2024/12/9 8:15,4.949856067253152
2024/12/9 8:30,5.243627789339695
2024/12/9 8:45,5.483814749366204
2024/12/9 9:00,5.700549727104716
2024/12/9 9:15,5.740770731770189
2024/12/9 9:30,5.796088910503528
2024/12/9 9:45,5.767548911911042
2024/12/9 10:00,5.649383569398987
2024/12/9 10:15,5.348081302817881
2024/12/9 10:30,5.482966644325498
2024/12/9 10:45,5.016815820847359
2024/12/9 11:00,4.626323159964349
2024/12/9 11:15,4.241835674597004
2024/12/9 11:30,3.93190506956482
2024/12/9 11:45,3.466008699068796
2024/12/9 12:00,3.2028276985838238
2024/12/9 12:15,2.948784851336555
2024/12/9 12:30,2.6519230174611783
2024/12/9 12:45,2.4533170607528287
2024/12/9 13:00,2.263527960496348
2024/12/9 13:15,2.1005689165088643
2024/12/9 13:30,2.0861516221242344
2024/12/9 13:45,2.1386337686434875
2024/12/9 14:00,2.147442733858955
2024/12/9 14:15,2.246468184858796
2024/12/9 14:30,2.2049630153804007
2024/12/9 14:45,2.4748944496494145
2024/12/9 15:00,2.7783703454447664
2024/12/9 15:15,3.0383240043410207
2024/12/9 15:30,2.9671615431579568
2024/12/9 15:45,3.534997684966
2024/12/9 16:00,3.925949474648944
2024/12/9 16:15,4.318422767219616
2024/12/9 16:30,4.767626400305585
2024/12/9 16:45,4.995898479864936
2024/12/9 17:00,5.499754844871855
2024/12/9 17:15,5.602615908743998
2024/12/9 17:30,6.044014482734175
2024/12/9 17:45,6.564714300729025
2024/12/9 18:00,6.912323115113118
2024/12/9 18:15,7.037664933910322
2024/12/9 18:30,7.198552444404914
2024/12/9 18:45,7.159237040100808
2024/12/9 19:00,7.292049091862768
2024/12/9 19:15,7.207642965740044
2024/12/9 19:30,7.251223659724872
2024/12/9 19:45,7.044452610104111
2024/12/9 20:00,6.776346388556849
2024/12/9 20:15,6.558673956924065
2024/12/9 20:30,6.33948420627257
2024/12/9 20:45,5.961027421665263
2024/12/9 21:00,5.656365535707529
2024/12/9 21:15,5.205390471937961
2024/12/9 21:30,4.940169516898508
2024/12/9 21:45,4.598484238478687
2024/12/9 22:00,4.439844404877404
2024/12/9 22:15,4.159957126277684
2024/12/9 22:30,4.191967363964564
2024/12/9 22:45,4.309346827849368
2024/12/9 23:00,4.460515121468176
2024/12/9 23:15,4.824875084031643
2024/12/9 23:30,5.104738364727214
2024/12/9 23:45,5.62654889482354
2024/12/10 0:00,6.239662715545908
2024/12/10 0:15,6.805372959294978
2024/12/10 0:30,7.413840667056457
2024/12/10 0:45,7.859992196677592
2024/12/10 1:00,8.227436883362593
2024/12/10 1:15,8.5056940723748
2024/12/10 1:30,8.476125276217738
2024/12/10 1:45,8.408374389254051
2024/12/10 2:00,8.046412245223387
2024/12/10 2:15,7.55475734414005
2024/12/10 2:30,6.916048777807712
2024/12/10 2:45,6.195924070485067
2024/12/10 3:00,5.450296143703042
2024/12/10 3:15,4.621694801587303
2024/12/10 3:30,3.940687810991285
2024/12/10 3:45,3.345647605908584
2024/12/10 4:00,2.7031896861471854
2024/12/10 4:15,2.3227310569985566
2024/12/10 4:30,2.0141017226442144
2024/12/10 4:45,1.826773573656736
2024/12/10 5:00,1.833795668997669
2024/12/10 5:15,1.8629869654789664
2024/12/10 5:30,1.7908971964262197
2024/12/10 5:45,1.840719078297681
2024/12/10 6:00,2.038247083789463
2024/12/10 6:15,2.1976048779367416
2024/12/10 6:30,2.050714036036029
2024/12/10 6:45,2.593540664186316
2024/12/10 7:00,2.959796116659454
2024/12/10 7:15,3.2876796426109838
2024/12/10 7:30,3.8157669927536215
2024/12/10 7:45,4.201423938782054
2024/12/10 8:00,4.580095788193561
2024/12/10 8:15,4.887350364188891
2024/12/10 8:30,5.243875785135414
2024/12/10 8:45,5.48630228623175
2024/12/10 9:00,5.585951228047918
2024/12/10 9:15,5.75265163374311
2024/12/10 9:30,5.792029228263004
2024/12/10 9:45,5.7465268829430265
2024/12/10 10:00,5.64142273097504
2024/12/10 10:15,5.561933708094696
2024/12/10 10:30,5.19756362364647
2024/12/10 10:45,4.921132207502364
2024/12/10 11:00,4.620640734979804
2024/12/10 11:15,4.275355846756347
2024/12/10 11:30,3.90308904528478
2024/12/10 11:45,3.511173772890731
2024/12/10 12:00,3.2851086380718244
2024/12/10 12:15,2.956119692830033
2024/12/10 12:30,2.728473605272868
2024/12/10 12:45,2.444919833724632
2024/12/10 13:00,2.247481845171171
2024/12/10 13:15,2.117047158652808
2024/12/10 13:30,2.1438161577891486
2024/12/10 13:45,1.9973025830090136
2024/12/10 14:00,2.0677049702519814
2024/12/10 14:15,2.181833989529942
2024/12/10 14:30,2.300375990996389
2024/12/10 14:45,2.4736172940427763
2024/12/10 15:00,2.92458873100755
2024/12/10 15:15,2.820877693272383
2024/12/10 15:30,3.112748565843253
2024/12/10 15:45,3.7041493257442335
2024/12/10 16:00,4.0081943193394745
2024/12/10 16:15,4.3280536926782585
2024/12/10 16:30,4.757203047597744
2024/12/10 16:45,5.171872815345024
2024/12/10 17:00,5.317996164429429
2024/12/10 17:15,5.770017140789728
2024/12/10 17:30,6.291229868876431
2024/12/10 17:45,6.601410812633549
2024/12/10 18:00,6.836431767082831
2024/12/10 18:15,6.959178889557966
2024/12/10 18:30,7.111500866101858
2024/12/10 18:45,7.274085817844067
2024/12/10 19:00,7.263321288853802
2024/12/10 19:15,7.129256519819966
2024/12/10 19:30,7.107493145185476
2024/12/10 19:45,7.067567498874984
2024/12/10 20:00,6.632523268675767
2024/12/10 20:15,6.545412200657129
2024/12/10 20:30,6.339591194383929
2024/12/10 20:45,5.809116050376466
2024/12/10 21:00,5.612395116874395
2024/12/10 21:15,5.264635558248451
2024/12/10 21:30,4.893830042671592
2024/12/10 21:45,4.699232973286537
2024/12/10 22:00,4.423019278478126
2024/12/10 22:15,4.217569075010267
2024/12/10 22:30,4.306249658147987
2024/12/10 22:45,4.412176259466857
2024/12/10 23:00,4.450865920022348
2024/12/10 23:15,4.782552324024935
2024/12/10 23:30,5.198612050629114
2024/12/10 23:45,5.590037762297984
2024/12/11 0:00,6.189007612274144
2024/12/11 0:15,6.749044829986448
2024/12/11 0:30,7.494768257911483
2024/12/11 0:45,7.920374084011273
2024/12/11 1:00,8.248765519815583
2024/12/11 1:15,8.50301560606169
2024/12/11 1:30,8.514009946837877
2024/12/11 1:45,8.417316438174005
2024/12/11 2:00,8.062683793183936
2024/12/11 2:15,7.5491264904933
2024/12/11 2:30,7.108972717393437
2024/12/11 2:45,6.103539352694331
2024/12/11 3:00,5.698551968817736
2024/12/11 3:15,4.647749242424244
2024/12/11 3:30,4.000024480385456
2024/12/11 3:45,3.410087920120814
2024/12/11 4:00,2.9316734303163825
2024/12/11 4:15,2.4278925288600286
2024/12/11 4:30,2.04105090555278
2024/12/11 4:45,1.8677369234749372
2024/12/11 5:00,1.6738665644352448
2024/12/11 5:15,1.754959285654078
2024/12/11 5:30,1.6670522184640342
2024/12/11 5:45,1.8002668462628986
2024/12/11 6:00,1.9805064665978611
2024/12/11 6:15,2.1408307380056057
2024/12/11 6:30,2.367025854496681
2024/12/11 6:45,2.699605716152337
2024/12/11 7:00,3.0363347042423268
2024/12/11 7:15,3.5181790857605564
2024/12/11 7:30,3.907941543983204
2024/12/11 7:45,4.219255243961065
2024/12/11 8:00,4.602729128033866
2024/12/11 8:15,4.887793082183402
2024/12/11 8:30,5.152786734229386
2024/12/11 8:45,5.486353587048861
2024/12/11 9:00,5.666829208718546
2024/12/11 9:15,5.78325741004889
2024/12/11 9:30,5.845461423682854
2024/12/11 9:45,5.716946390459746
2024/12/11 10:00,5.676706795692561
2024/12/11 10:15,5.297515042247422
2024/12/11 10:30,5.1654152078627815
2024/12/11 10:45,4.912257373469405
2024/12/11 11:00,4.598850912419317
2024/12/11 11:15,4.248368175343494
2024/12/11 11:30,3.9269878501243314
2024/12/11 11:45,3.484486397256581
2024/12/11 12:00,3.249604578300236
2024/12/11 12:15,2.991466178778956
2024/12/11 12:30,2.66441389867174
2024/12/11 12:45,2.4697968742737277
2024/12/11 13:00,2.252515063428934
2024/12/11 13:15,2.1224628404954875
2024/12/11 13:30,2.037530704311044
2024/12/11 13:45,2.015622528039988
2024/12/11 14:00,2.050000537522072
2024/12/11 14:15,2.176278839234476
2024/12/11 14:30,2.212131170524909
2024/12/11 14:45,2.424528681848721
2024/12/11 15:00,2.5669268436074497
2024/12/11 15:15,3.008487378954876
2024/12/11 15:30,3.2872640410428047
2024/12/11 15:45,3.6029666143981336
2024/12/11 16:00,4.04955691498854
2024/12/11 16:15,4.417940360986368
2024/12/11 16:30,4.785919427639487
2024/12/11 16:45,5.174872186629536
2024/12/11 17:00,5.529468805325382
2024/12/11 17:15,5.8974390530428265
2024/12/11 17:30,6.219825824359111
2024/12/11 17:45,6.455151740150463
2024/12/11 18:00,6.780499161856826
2024/12/11 18:15,6.98912069198513
2024/12/11 18:30,7.163403518309734
2024/12/11 18:45,7.264872560203938
2024/12/11 19:00,7.278478462890252
2024/12/11 19:15,7.19294338393245
2024/12/11 19:30,7.106826464319132
2024/12/11 19:45,6.986867875840232
2024/12/11 20:00,6.87150058010276
2024/12/11 20:15,6.532615638873462
2024/12/11 20:30,6.255535858576543
2024/12/11 20:45,5.939467884648528
2024/12/11 21:00,5.60035523610421
2024/12/11 21:15,5.028209341712877
2024/12/11 21:30,4.809588395675641
2024/12/11 21:45,4.639455710405187
2024/12/11 22:00,4.28001515077738
2024/12/11 22:15,4.243509814957141
2024/12/11 22:30,4.262705625435134
2024/12/11 22:45,4.3027568048741776
2024/12/11 23:00,4.4926831759948245
2024/12/11 23:15,4.719335027986695
2024/12/11 23:30,4.934467757917632
2024/12/11 23:45,5.445346848909747
2024/12/12 0:00,5.793028992233258
2024/12/12 0:15,5.985921281364833
2024/12/12 0:30,6.205110976800978
2024/12/12 0:45,6.566291368908869
2024/12/12 1:00,6.918050162331274
2024/12/12 1:15,7.083415308454146
2024/12/12 1:30,7.14225588922063
2024/12/12 1:45,7.248397785125848
2024/12/12 2:00,7.252604538001909
2024/12/12 2:15,7.275712327744759
2024/12/12 2:30,7.059795250562607
2024/12/12 2:45,6.6756529851344055
2024/12/12 3:00,6.575961946232703
2024/12/12 3:15,6.232556924082815
2024/12/12 3:30,5.635721099228076
2024/12/12 3:45,5.406650916480555
2024/12/12 4:00,4.998691904981072
2024/12/12 4:15,4.521970543479509
2024/12/12 4:30,4.1243974992830825
2024/12/12 4:45,3.8421677747609833
2024/12/12 5:00,3.4009679358664
2024/12/12 5:15,3.212625015293386
2024/12/12 5:30,2.8968826343482
2024/12/12 5:45,2.6999561836844106
2024/12/12 6:00,2.5726320719516607
2024/12/12 6:15,2.3960227385008825
2024/12/12 6:30,2.405885740121436
2024/12/12 6:45,2.318078994298176
2024/12/12 7:00,2.4033967218901604
2024/12/12 7:15,2.5748371490490207
2024/12/12 7:30,2.612952874137341
2024/12/12 7:45,2.828709085497836
2024/12/12 8:00,2.9506140476190463
2024/12/12 8:15,3.0286678764849126
2024/12/12 8:30,3.349997008229649
2024/12/12 8:45,3.438526585156585
2024/12/12 9:00,3.5614147222222226
2024/12/12 9:15,3.855910360750361
2024/12/12 9:30,4.110360324142092
2024/12/12 9:45,4.30265734679945
2024/12/12 10:00,4.759311695536345
2024/12/12 10:15,5.153049068869814
2024/12/12 10:30,5.4418473160770295
2024/12/12 10:45,5.695798574772183
2024/12/12 11:00,6.0756276917863525
2024/12/12 11:15,6.2445219782663735
2024/12/12 11:30,6.60586026598494
2024/12/12 11:45,6.924985006105009
2024/12/12 12:00,7.079826832611832
2024/12/12 12:15,7.406216852081476
2024/12/12 12:30,7.541948149775059
2024/12/12 12:45,7.740976213128977
2024/12/12 13:00,8.007581566260201
2024/12/12 13:15,8.078552448761975
2024/12/12 13:30,8.145261675841938
2024/12/12 13:45,8.21631937043339
2024/12/12 14:00,8.293564595329748
2024/12/12 14:15,8.305369224964942
2024/12/12 14:30,8.264747490868984
2024/12/12 14:45,8.203095815497493
2024/12/12 15:00,8.23333376903017
2024/12/12 15:15,8.157197332129272
2024/12/12 15:30,7.9484047376700975
2024/12/12 15:45,7.980900018589069
2024/12/12 16:00,7.875217965600703
2024/12/12 16:15,7.8238448042120545
2024/12/12 16:30,7.847660195715354
2024/12/12 16:45,7.860049424714629
2024/12/12 17:00,7.801587272513516
2024/12/12 17:15,7.857895490070256
2024/12/12 17:30,7.876677878787875
2024/12/12 17:45,7.896511312521577
2024/12/12 18:00,8.119807974601867
2024/12/12 18:15,8.234340557083724
2024/12/12 18:30,8.483393796582643
2024/12/12 18:45,8.493497637680777
2024/12/12 19:00,8.554833677803861
2024/12/12 19:15,8.557987647275851
2024/12/12 19:30,8.542927693961692
2024/12/12 19:45,8.564676173632014
2024/12/12 20:00,8.380552133267344
2024/12/12 20:15,8.16387305856681
2024/12/12 20:30,7.883464926434377
2024/12/12 20:45,7.711517807394935
2024/12/12 21:00,7.252974512240581
2024/12/12 21:15,6.649075138493727
2024/12/12 21:30,6.61161750495722
2024/12/12 21:45,6.051457101726895
2024/12/12 22:00,6.04497525824654
2024/12/12 22:15,5.640289716198196
2024/12/12 22:30,5.2816456959435705
2024/12/12 22:45,5.176860013253259
2024/12/12 23:00,5.078371944444444
2024/12/12 23:15,5.171680073099417
2024/12/12 23:30,5.6249476139726085
2024/12/12 23:45,5.533896929033944
2024/12/13 0:00,5.713668021148372
2024/12/13 0:15,5.94575145238779
2024/12/13 0:30,6.3566354333678
2024/12/13 0:45,6.635168888601333
2024/12/13 1:00,6.906238897137179
2024/12/13 1:15,7.071596729748779
2024/12/13 1:30,7.212143126756214
2024/12/13 1:45,7.237126844996965
2024/12/13 2:00,7.209216561509285
2024/12/13 2:15,7.229004138689005
2024/12/13 2:30,7.065076227492517
2024/12/13 2:45,6.932616797444666
2024/12/13 3:00,6.475637554261735
2024/12/13 3:15,6.1278910535237765
2024/12/13 3:30,5.76509485637056
2024/12/13 3:45,5.411128254665936
2024/12/13 4:00,5.059616268249778
2024/12/13 4:15,4.507599889811907
2024/12/13 4:30,4.152151895363409
2024/12/13 4:45,3.636613899757506
2024/12/13 5:00,3.315642702049969
2024/12/13 5:15,3.053000880508381
2024/12/13 5:30,2.767840952678513
2024/12/13 5:45,2.7284840031886235
2024/12/13 6:00,2.5944243922813404
2024/12/13 6:15,2.5038098977669545
2024/12/13 6:30,2.425489570191256
2024/12/13 6:45,2.568106420129577
2024/12/13 7:00,2.552836695970027
2024/12/13 7:15,2.5519453098964817
2024/12/13 7:30,2.61493292969005
2024/12/13 7:45,2.9554364160401008
2024/12/13 8:00,2.904098562902639
2024/12/13 8:15,3.034549766206017
2024/12/13 8:30,3.015807916439302
2024/12/13 8:45,3.436987686524496
2024/12/13 9:00,3.595545546506632
2024/12/13 9:15,3.955259932096888
2024/12/13 9:30,4.183055063595304
2024/12/13 9:45,4.670264189794125
2024/12/13 10:00,4.774913320099524
2024/12/13 10:15,5.211049593134562
2024/12/13 10:30,5.277591808944086
2024/12/13 10:45,5.543723826815104
2024/12/13 11:00,5.941686439559001
2024/12/13 11:15,6.344790642878474
2024/12/13 11:30,6.691584427927737
2024/12/13 11:45,6.859325766265004
2024/12/13 12:00,7.20595047084553
2024/12/13 12:15,7.3336171741090945
2024/12/13 12:30,7.637428636874819
2024/12/13 12:45,7.829325996721204
2024/12/13 13:00,7.945589219174933
2024/12/13 13:15,7.960384208317987
2024/12/13 13:30,8.108169005550604
2024/12/13 13:45,8.208687022296541
2024/12/13 14:00,8.251052930976691
2024/12/13 14:15,8.27301366220282
2024/12/13 14:30,8.256379058302807
2024/12/13 14:45,8.216218559445162
2024/12/13 15:00,8.16970889518781
2024/12/13 15:15,8.116072230983685
2024/12/13 15:30,7.925126870774148
2024/12/13 15:45,7.934935901946192
2024/12/13 16:00,7.840129884731278
2024/12/13 16:15,7.8567127698740284
2024/12/13 16:30,7.846330667665263
2024/12/13 16:45,7.82823199434197
2024/12/13 17:00,7.870618820437625
2024/12/13 17:15,7.799970144164554
2024/12/13 17:30,7.974108975765193
2024/12/13 17:45,8.009835283661927
2024/12/13 18:00,8.196096169871733
2024/12/13 18:15,8.43718831468049
2024/12/13 18:30,8.488799841368452
2024/12/13 18:45,8.550227967778806
2024/12/13 19:00,8.622220697990828
2024/12/13 19:15,8.670059633874397
2024/12/13 19:30,8.601398628850882
2024/12/13 19:45,8.624430001596329
2024/12/13 20:00,8.196367949826662
2024/12/13 20:15,8.129090233551723
2024/12/13 20:30,7.881178043056856
2024/12/13 20:45,7.678126500825082
2024/12/13 21:00,7.385791586193371
2024/12/13 21:15,6.9842311345720365
2024/12/13 21:30,6.763756515068076
2024/12/13 21:45,6.188561221232643
2024/12/13 22:00,5.751491324578449
2024/12/13 22:15,5.589021994448987
2024/12/13 22:30,5.328027962043885
2024/12/13 22:45,5.037346717591556
2024/12/13 23:00,5.151265833333333
2024/12/13 23:15,5.304540263347763
2024/12/13 23:30,5.3104764393939385
2024/12/13 23:45,5.451414365079364
2024/12/14 0:00,6.129129043403584
2024/12/14 0:15,6.753265411255412
2024/12/14 0:30,7.500732261904764
2024/12/14 0:45,7.869907653318901
2024/12/14 1:00,8.230488811694915
2024/12/14 1:15,8.608558001473924
2024/12/14 1:30,8.564098427842971
2024/12/14 1:45,8.44691310681152
2024/12/14 2:00,8.037769975335118
2024/12/14 2:15,7.554598922438331
2024/12/14 2:30,6.922662977972519
2024/12/14 2:45,6.128340800865801
2024/12/14 3:00,5.273647539682542
2024/12/14 3:15,4.650723180108276
2024/12/14 3:30,4.020183561686116
2024/12/14 3:45,3.4013388223129533
2024/12/14 4:00,2.777982507952144
2024/12/14 4:15,2.316709484126985
2024/12/14 4:30,1.984315202021173
2024/12/14 4:45,1.828022694872665
2024/12/14 5:00,1.7114406409003071
2024/12/14 5:15,1.670508582429701
2024/12/14 5:30,1.7211400454952028
2024/12/14 5:45,1.7987887734992287
2024/12/14 6:00,2.001024905593624
2024/12/14 6:15,2.245219343797943
2024/12/14 6:30,2.5227345359757583
2024/12/14 6:45,2.7216398038081278
2024/12/14 7:00,3.2276505747269963
2024/12/14 7:15,3.785936794191301
2024/12/14 7:30,4.177968328893329
2024/12/14 7:45,4.357045549289892
2024/12/14 8:00,4.631293925518925
2024/12/14 8:15,4.897707760880697
2024/12/14 8:30,5.252250502955784
2024/12/14 8:45,5.573333503028556
2024/12/14 9:00,5.659059960588821
2024/12/14 9:15,5.72901980168789
2024/12/14 9:30,5.764880390105113
2024/12/14 9:45,5.716573854412399
2024/12/14 10:00,5.624632631423359
2024/12/14 10:15,5.587358288705667
2024/12/14 10:30,5.2599447477722405
2024/12/14 10:45,4.958373437652652
2024/12/14 11:00,4.62651801824653
2024/12/14 11:15,4.36176562375971
2024/12/14 11:30,4.044356676524452
2024/12/14 11:45,3.549079420360118
2024/12/14 12:00,3.2798217233107154
2024/12/14 12:15,3.0242111414493538
2024/12/14 12:30,2.6955836494975256
2024/12/14 12:45,2.477835952380952
2024/12/14 13:00,2.1935811695616283
2024/12/14 13:15,2.124212151599977
2024/12/14 13:30,2.0753301858753264
2024/12/14 13:45,2.040778860587078
2024/12/14 14:00,2.193327963032884
2024/12/14 14:15,2.135222151006148
2024/12/14 14:30,2.385264770567212
2024/12/14 14:45,2.3293416984567723
2024/12/14 15:00,2.861595407647246
2024/12/14 15:15,2.9366706170901926
2024/12/14 15:30,3.085818724815251
2024/12/14 15:45,3.429164268614711
2024/12/14 16:00,4.087715818971149
2024/12/14 16:15,4.397599525907865
2024/12/14 16:30,4.759291932661572
2024/12/14 16:45,5.182662160243138
2024/12/14 17:00,5.538589696136727
2024/12/14 17:15,5.990959330744554
2024/12/14 17:30,6.252930426633201
2024/12/14 17:45,6.505668005147534
2024/12/14 18:00,6.792274079912664
2024/12/14 18:15,7.092094763615299
2024/12/14 18:30,7.173788521073475
2024/12/14 18:45,7.3072974962723345
2024/12/14 19:00,7.3173056855659055
2024/12/14 19:15,7.303523182468442
2024/12/14 19:30,7.176671219122916
2024/12/14 19:45,7.1795901650937575
2024/12/14 20:00,6.814854108933195
2024/12/14 20:15,6.659504561085846
2024/12/14 20:30,6.288131055063555
2024/12/14 20:45,5.969989253246754
2024/12/14 21:00,5.511590336346428
2024/12/14 21:15,5.225923237172822
2024/12/14 21:30,4.867544389877124
2024/12/14 21:45,4.593907583160533
2024/12/14 22:00,4.519132394815209
2024/12/14 22:15,4.323187077093472
2024/12/14 22:30,4.306008695379681
2024/12/14 22:45,4.339810699270527
2024/12/14 23:00,4.490521809162955
2024/12/14 23:15,4.669251132235645
2024/12/14 23:30,5.15645222289496
2024/12/14 23:45,5.558861840246308
2024/12/15 0:00,6.159606384283332
2024/12/15 0:15,6.843972842834188
2024/12/15 0:30,7.385362540641863
2024/12/15 0:45,7.909803600288602
2024/12/15 1:00,7.635670076303914
2024/12/15 1:15,8.419189572094567
2024/12/15 1:30,8.444110642915142
2024/12/15 1:45,8.383251523038801
2024/12/15 2:00,7.987291129200087
2024/12/15 2:15,7.527380684061769
2024/12/15 2:30,6.910775423285925
2024/12/15 2:45,6.30036220649045
2024/12/15 3:00,5.437359630599532
2024/12/15 3:15,4.6674903571428565
2024/12/15 3:30,4.015849807899777
2024/12/15 3:45,3.403112646611894
2024/12/15 4:00,2.7641191573296
2024/12/15 4:15,2.351007886497217
2024/12/15 4:30,2.092661498939657
2024/12/15 4:45,1.7958499783549775
2024/12/15 5:00,1.6081512543985588
2024/12/15 5:15,1.7101086855113163
2024/12/15 5:30,1.7109860591869357
2024/12/15 5:45,1.7220186173823595
2024/12/15 6:00,1.963155275162768
2024/12/15 6:15,2.1918750618396508
2024/12/15 6:30,2.450634254093249
2024/12/15 6:45,2.7962547855043853
2024/12/15 7:00,3.0861944213020926
2024/12/15 7:15,3.4455148473748483
2024/12/15 7:30,3.771751376366309
2024/12/15 7:45,4.33054665288417
2024/12/15 8:00,4.71381704222822
2024/12/15 8:15,4.937965888819667
2024/12/15 8:30,5.210869910922014
2024/12/15 8:45,5.527708746041919
2024/12/15 9:00,5.698718153664887
2024/12/15 9:15,5.692367821336621
2024/12/15 9:30,5.7236856491500125
2024/12/15 9:45,5.584046044274823
2024/12/15 10:00,5.663675213256887
2024/12/15 10:15,5.375188513277596
2024/12/15 10:30,5.130925479126693
2024/12/15 10:45,4.940912374958593
2024/12/15 11:00,4.57964853238438
2024/12/15 11:15,4.280545348880907
2024/12/15 11:30,3.980194129483555
2024/12/15 11:45,3.525602861012447
2024/12/15 12:00,3.29908317087795
2024/12/15 12:15,2.9512254509229803
2024/12/15 12:30,2.7099322863000146
2024/12/15 12:45,2.4509213756636203
2024/12/15 13:00,2.264568708887248
2024/12/15 13:15,2.118069778514021
2024/12/15 13:30,2.0348391172486653
2024/12/15 13:45,2.134120513182674
2024/12/15 14:00,2.0727173099702143
2024/12/15 14:15,2.262167480590014
2024/12/15 14:30,2.1308441104860525
2024/12/15 14:45,2.5049049784916564
2024/12/15 15:00,2.863903488144132
2024/12/15 15:15,2.9840539040036687
2024/12/15 15:30,3.3225980932420054
2024/12/15 15:45,3.633988237525115
2024/12/15 16:00,3.955739000453793
2024/12/15 16:15,4.365466119211729
2024/12/15 16:30,4.733608172511804
2024/12/15 16:45,5.058921296804672
2024/12/15 17:00,5.610038635922901
2024/12/15 17:15,6.029121494028389
2024/12/15 17:30,6.283183257951731
2024/12/15 17:45,6.623168669031245
2024/12/15 18:00,6.938072471690345
2024/12/15 18:15,6.973474211483437
2024/12/15 18:30,7.210124626242324
2024/12/15 18:45,7.233862615616489
2024/12/15 19:00,7.267018850856927
2024/12/15 19:15,7.28614374519693
2024/12/15 19:30,7.212984294618564
2024/12/15 19:45,7.06713861099035
2024/12/15 20:00,6.873670011919785
2024/12/15 20:15,6.575507332016736
2024/12/15 20:30,6.259453137394481
2024/12/15 20:45,5.964668677279057
2024/12/15 21:00,5.635437442810436
2024/12/15 21:15,5.211734840748553
2024/12/15 21:30,5.080086899584108
2024/12/15 21:45,4.667295539293676
2024/12/15 22:00,4.445668197245917
2024/12/15 22:15,4.324855957744264
2024/12/15 22:30,4.550854237715946
2024/12/15 22:45,4.31019082896912
2024/12/15 23:00,4.419182036202551
2024/12/15 23:15,4.568980621950845
2024/12/15 23:30,4.851219653447962
2024/12/15 23:45,5.640920816741599
2024/12/16 0:00,6.189365641168677
2024/12/16 0:15,6.847973401147757
2024/12/16 0:30,7.322719187369143
2024/12/16 0:45,7.911835681818179
2024/12/16 1:00,8.253129107874582
2024/12/16 1:15,8.589603590860241
2024/12/16 1:30,8.570561556040724
2024/12/16 1:45,8.39202993269958
2024/12/16 2:00,8.01554737267238
2024/12/16 2:15,7.539740383601298
2024/12/16 2:30,7.050536078695796
2024/12/16 2:45,6.1314871510575175
2024/12/16 3:00,5.412577521645022
2024/12/16 3:15,4.554909670329669
2024/12/16 3:30,3.996286983180218
2024/12/16 3:45,3.2650385054076363
2024/12/16 4:00,3.030873514775437
2024/12/16 4:15,2.3290686327561327
2024/12/16 4:30,2.077601271806969
2024/12/16 4:45,1.9430066724537425
2024/12/16 5:00,1.7040060240063115
2024/12/16 5:15,1.6692658409020469
2024/12/16 5:30,1.6670211252823863
2024/12/16 5:45,1.806804866090808
2024/12/16 6:00,1.9469200346462043
2024/12/16 6:15,2.1818365447095904
2024/12/16 6:30,2.491287312233012
2024/12/16 6:45,2.7646819100613853
2024/12/16 7:00,3.212016579944517
2024/12/16 7:15,3.4902172938198275
2024/12/16 7:30,3.8622719965776673
2024/12/16 7:45,4.200179281646534
2024/12/16 8:00,4.598759643748213
2024/12/16 8:15,4.857650653478888
2024/12/16 8:30,5.193691112949429
2024/12/16 8:45,5.483925933895828
2024/12/16 9:00,5.662979298079076
2024/12/16 9:15,5.76650515934669
2024/12/16 9:30,5.773966404914866
2024/12/16 9:45,5.798832891624145
2024/12/16 10:00,5.701147043325284
2024/12/16 10:15,5.48403498614917
2024/12/16 10:30,5.283927357398506
2024/12/16 10:45,4.984392677830611
2024/12/16 11:00,4.682497126800764
2024/12/16 11:15,4.286279782503354
2024/12/16 11:30,4.114946364182096
2024/12/16 11:45,3.611272284334023
2024/12/16 12:00,3.270506446331851
2024/12/16 12:15,3.149447464810588
2024/12/16 12:30,2.757987762111904
2024/12/16 12:45,2.476687721338894
2024/12/16 13:00,2.317966193544205
2024/12/16 13:15,2.2014719324475718
2024/12/16 13:30,2.0798966315568608
2024/12/16 13:45,2.083483734234441
2024/12/16 14:00,2.111567717968601
2024/12/16 14:15,2.151538562921856
2024/12/16 14:30,2.2968112304717714
2024/12/16 14:45,2.466617233845979
2024/12/16 15:00,2.7939587887042774
2024/12/16 15:15,2.9996111796530416
2024/12/16 15:30,3.2501682290488283
2024/12/16 15:45,3.6494706541007753
2024/12/16 16:00,3.958969583344275
2024/12/16 16:15,4.379645171598997
2024/12/16 16:30,4.759362189055048
2024/12/16 16:45,5.1430979107264045
2024/12/16 17:00,5.525770766323095
2024/12/16 17:15,5.980237786538449
2024/12/16 17:30,6.227904169437437
2024/12/16 17:45,6.507515098990509
2024/12/16 18:00,6.849938631914821
2024/12/16 18:15,7.050551679265192
2024/12/16 18:30,7.2167684250974515
2024/12/16 18:45,7.330874173908723
2024/12/16 19:00,7.28692747438224
2024/12/16 19:15,7.250857276808339
2024/12/16 19:30,7.052895652649248
2024/12/16 19:45,7.044575274164576
2024/12/16 20:00,6.80050405557176
2024/12/16 20:15,6.520860144418428
2024/12/16 20:30,6.256389507648232
2024/12/16 20:45,6.052261842788397
2024/12/16 21:00,5.715186269053971
2024/12/16 21:15,5.3275353586804135
2024/12/16 21:30,5.103544307049157
2024/12/16 21:45,4.737577082876242
2024/12/16 22:00,4.518221212023933
2024/12/16 22:15,4.375262037457946
2024/12/16 22:30,4.289643573719208
2024/12/16 22:45,4.350668438747823
2024/12/16 23:00,4.458395499560827
2024/12/16 23:15,4.753268633489711
2024/12/16 23:30,4.815332960432989
2024/12/16 23:45,5.58379993656068
2024/12/17 0:00,6.118416887724295
2024/12/17 0:15,6.7797545495589295
2024/12/17 0:30,7.376303643240472
2024/12/17 0:45,7.712290364838778
2024/12/17 1:00,8.114921036765168
2024/12/17 1:15,8.642030537700258
2024/12/17 1:30,8.607635890886295
2024/12/17 1:45,8.485033982969941
2024/12/17 2:00,8.041229074609596
2024/12/17 2:15,7.536509231589491
2024/12/17 2:30,6.845828753743716
2024/12/17 2:45,6.188826058810743
2024/12/17 3:00,5.418974873858822
2024/12/17 3:15,4.681033849206349
2024/12/17 3:30,3.930846015955913
2024/12/17 3:45,3.382755653306117
2024/12/17 4:00,2.717389584859585
2024/12/17 4:15,2.3312338605679783
2024/12/17 4:30,2.018853352952087
2024/12/17 4:45,1.7995561145126575
2024/12/17 5:00,1.613588072312241
2024/12/17 5:15,1.5950875033897658
2024/12/17 5:30,1.65045234124603
2024/12/17 5:45,1.7522548134124838
2024/12/17 6:00,1.915120946779942
2024/12/17 6:15,2.379398539620348
2024/12/17 6:30,2.443266918843253
2024/12/17 6:45,2.8285052258959764
2024/12/17 7:00,3.144853975170541
2024/12/17 7:15,3.3615505545493405
2024/12/17 7:30,3.751857424647828
2024/12/17 7:45,4.054353600016048
2024/12/17 8:00,4.507523227551541
2024/12/17 8:15,4.9024944240497605
2024/12/17 8:30,5.255249673622293
2024/12/17 8:45,5.519543075610927
2024/12/17 9:00,5.669090135391684
2024/12/17 9:15,5.700912144571481
2024/12/17 9:30,5.785762224999761
2024/12/17 9:45,5.791354855923065
2024/12/17 10:00,5.719138460281552
2024/12/17 10:15,5.33509461696789
2024/12/17 10:30,5.167983426398439
2024/12/17 10:45,4.879521049975418
2024/12/17 11:00,4.642899843631683
2024/12/17 11:15,4.417805537429581
2024/12/17 11:30,3.921081384699142
2024/12/17 11:45,3.4927660466871737
2024/12/17 12:00,3.174642182113455
2024/12/17 12:15,2.916260231080861
2024/12/17 12:30,2.6271563861030547
2024/12/17 12:45,2.4607893768152898
2024/12/17 13:00,2.244899259467204
2024/12/17 13:15,2.1613759922060454
2024/12/17 13:30,2.0385121337217007
2024/12/17 13:45,2.0979906496488856
2024/12/17 14:00,2.1479496146094057
2024/12/17 14:15,2.187774000984076
2024/12/17 14:30,2.242951957942043
2024/12/17 14:45,2.4321449160494346
2024/12/17 15:00,2.756385975773393
2024/12/17 15:15,2.910471150698528
2024/12/17 15:30,3.2956361212690166
2024/12/17 15:45,3.704765165194711
2024/12/17 16:00,3.9749198186733863
2024/12/17 16:15,4.3938640084438
2024/12/17 16:30,4.739473606036051
2024/12/17 16:45,5.104305033370588
2024/12/17 17:00,5.458863266789158
2024/12/17 17:15,5.794502252975924
2024/12/17 17:30,6.31066176719059
2024/12/17 17:45,6.506197159254774
2024/12/17 18:00,6.835635271204588
2024/12/17 18:15,7.001473272253174
2024/12/17 18:30,7.209512191077222
2024/12/17 18:45,7.259690389174634
2024/12/17 19:00,7.29942813814014
2024/12/17 19:15,7.283126702796145
2024/12/17 19:30,7.144171034275364
2024/12/17 19:45,7.002601522237008
2024/12/17 20:00,6.794987980911359
2024/12/17 20:15,6.773228806054654
2024/12/17 20:30,6.403457018677167
2024/12/17 20:45,6.030337608307231
2024/12/17 21:00,5.660218504908621
2024/12/17 21:15,5.255219845245162
2024/12/17 21:30,4.940743539492274
2024/12/17 21:45,4.63993037966795
2024/12/17 22:00,4.404282602451251
2024/12/17 22:15,4.29866833871325
2024/12/17 22:30,4.258739263857849
2024/12/17 22:45,4.460897294197348
2024/12/17 23:00,4.550701485609879
2024/12/17 23:15,4.653018798599061
2024/12/17 23:30,5.179124176832087
2024/12/17 23:45,5.638529431145064
2024/12/18 0:00,6.246055728716104
2024/12/18 0:15,6.830698556927799
2024/12/18 0:30,7.279227181850728
2024/12/18 0:45,7.884266839826837
2024/12/18 1:00,8.198899193292949
2024/12/18 1:15,8.490838923963892
2024/12/18 1:30,8.52053008918279
2024/12/18 1:45,8.407763878939207
2024/12/18 2:00,8.013370769605778
2024/12/18 2:15,7.549243897919582
2024/12/18 2:30,6.880522661862406
2024/12/18 2:45,6.148158776508747
2024/12/18 3:00,5.510477121738818
2024/12/18 3:15,4.543727795182697
2024/12/18 3:30,3.998826268398271
2024/12/18 3:45,3.335080757185757
2024/12/18 4:00,2.71549724789916
2024/12/18 4:15,2.4172676353956493
2024/12/18 4:30,2.043985588767587
2024/12/18 4:45,1.728135116104403
2024/12/18 5:00,1.711047573467302
2024/12/18 5:15,1.6710744522609735
2024/12/18 5:30,1.688428861385066
2024/12/18 5:45,1.7744527049159664
2024/12/18 6:00,2.1092718687797203
2024/12/18 6:15,2.2010517019802776
2024/12/18 6:30,2.4548856078917662
2024/12/18 6:45,2.716526040980479
2024/12/18 7:00,3.0212853599991063
2024/12/18 7:15,3.458483797592411
2024/12/18 7:30,3.807244954608836
2024/12/18 7:45,3.981843165523111
2024/12/18 8:00,4.44072847854997
2024/12/18 8:15,4.818131244392863
2024/12/18 8:30,5.23507343878344
2024/12/18 8:45,5.574507043389721
2024/12/18 9:00,5.6415055928107165
2024/12/18 9:15,5.734988645375824
2024/12/18 9:30,5.834068634645834
2024/12/18 9:45,6.069573968610683
2024/12/18 10:00,5.680452716831568
2024/12/18 10:15,5.482310338609072
2024/12/18 10:30,5.185441582063747
2024/12/18 10:45,4.868030096987189
2024/12/18 11:00,4.637658841120844
2024/12/18 11:15,4.075090161927385
2024/12/18 11:30,3.94830505848713
2024/12/18 11:45,3.5059107809792063
2024/12/18 12:00,3.2077883372914524
2024/12/18 12:15,2.9149000693513374
2024/12/18 12:30,2.763676813962482
2024/12/18 12:45,2.5140721984936
2024/12/18 13:00,2.291705897477108
2024/12/18 13:15,2.165898404119113
2024/12/18 13:30,2.048792465285022
2024/12/18 13:45,2.092198943378364
2024/12/18 14:00,2.035720997897686
2024/12/18 14:15,2.200132986591645
2024/12/18 14:30,2.3421921495336253
2024/12/18 14:45,2.495771629465592
2024/12/18 15:00,2.802901433997399
2024/12/18 15:15,2.986675012135249
2024/12/18 15:30,3.2708747751009697
2024/12/18 15:45,3.494692681285403
2024/12/18 16:00,4.018014445962587
2024/12/18 16:15,4.349235811523197
2024/12/18 16:30,4.813806133066888
2024/12/18 16:45,5.199728805493604
2024/12/18 17:00,5.508702507273797
2024/12/18 17:15,6.093962963275725
2024/12/18 17:30,6.216679682097976
2024/12/18 17:45,6.5344328952544295
2024/12/18 18:00,6.781925577172458
2024/12/18 18:15,7.080427917384583
2024/12/18 18:30,7.237469791322008
2024/12/18 18:45,7.292227376641019
2024/12/18 19:00,7.299095536052451
2024/12/18 19:15,7.190645386864568
2024/12/18 19:30,7.2043700525522585
2024/12/18 19:45,6.989727035855708
2024/12/18 20:00,7.003073061705123
2024/12/18 20:15,6.415683232401656
2024/12/18 20:30,6.321677166028024
2024/12/18 20:45,5.815935144823033
2024/12/18 21:00,5.638295897721025
2024/12/18 21:15,5.221537174334525
2024/12/18 21:30,5.03515867359206
2024/12/18 21:45,4.635984081067263
2024/12/18 22:00,4.421815610700728
2024/12/18 22:15,4.31392626612109
2024/12/18 22:30,4.256151865056658
2024/12/18 22:45,4.339304617178807
2024/12/18 23:00,4.51111320445006
2024/12/18 23:15,4.7390739952928245
2024/12/18 23:30,5.187743291862151
2024/12/18 23:45,5.646171616176255
2024/12/19 0:00,5.973226523541106
2024/12/19 0:15,6.188626783542673
2024/12/19 0:30,6.3031040357987145
2024/12/19 0:45,6.5529599783549815
2024/12/19 1:00,6.792004464836088
2024/12/19 1:15,7.05142173122199
2024/12/19 1:30,7.183984197776976
2024/12/19 1:45,7.284304875316938
2024/12/19 2:00,7.250446811354111
2024/12/19 2:15,7.205397394336014
2024/12/19 2:30,6.992016866835658
2024/12/19 2:45,6.702780097657155
2024/12/19 3:00,6.316680074478326
2024/12/19 3:15,6.146789057773308
2024/12/19 3:30,5.593888613957981
2024/12/19 3:45,5.447967000809698
2024/12/19 4:00,4.947689097409405
2024/12/19 4:15,4.507521992329847
2024/12/19 4:30,4.166755147457529
2024/12/19 4:45,3.857342458853495
2024/12/19 5:00,3.4709229900139733
2024/12/19 5:15,3.1372147532437067
2024/12/19 5:30,2.945241003261887
2024/12/19 5:45,2.717948518605989
2024/12/19 6:00,2.505806194055868
2024/12/19 6:15,2.460204788582333
2024/12/19 6:30,2.376852472769583
2024/12/19 6:45,2.4795202536137344
2024/12/19 7:00,2.3376649675339984
2024/12/19 7:15,2.5719099005538184
2024/12/19 7:30,2.641750815391457
2024/12/19 7:45,2.8696471172461617
2024/12/19 8:00,3.009056034431767
2024/12/19 8:15,3.152542690845741
2024/12/19 8:30,3.316549782695716
2024/12/19 8:45,3.6061243369310794
2024/12/19 9:00,3.755908968613833
2024/12/19 9:15,4.018836141861768
2024/12/19 9:30,4.225966174962001
2024/12/19 9:45,4.4617651694697935
2024/12/19 10:00,4.938071631642532
2024/12/19 10:15,5.252692511730411
2024/12/19 10:30,5.424839195894135
2024/12/19 10:45,5.73803907808084
2024/12/19 11:00,6.101484046807696
2024/12/19 11:15,6.257096060481664
2024/12/19 11:30,6.519229543290046
2024/12/19 11:45,6.850681493506496
2024/12/19 12:00,7.113000238095238
2024/12/19 12:15,7.329244965624272
2024/12/19 12:30,7.526918518047571
2024/12/19 12:45,7.696460424297924
2024/12/19 13:00,7.908710535465823
2024/12/19 13:15,8.12541368362569
2024/12/19 13:30,8.218596771360728
2024/12/19 13:45,8.242353604510708
2024/12/19 14:00,8.208684079476127
2024/12/19 14:15,8.292802350881985
2024/12/19 14:30,8.255990590877827
2024/12/19 14:45,8.182837413811685
2024/12/19 15:00,8.183681629768307
2024/12/19 15:15,8.099034314301905
2024/12/19 15:30,7.944821121810625
2024/12/19 15:45,7.949175031119019
2024/12/19 16:00,7.862878470785517
2024/12/19 16:15,7.809241034712264
2024/12/19 16:30,7.841674211305039
2024/12/19 16:45,7.836064802669494
2024/12/19 17:00,7.826107168903514
2024/12/19 17:15,7.878367592334865
2024/12/19 17:30,7.895738802348426
2024/12/19 17:45,7.873891141373559
2024/12/19 18:00,8.153100053376788
2024/12/19 18:15,8.190907797011242
2024/12/19 18:30,8.418718064604533
2024/12/19 18:45,8.530624903145029
2024/12/19 19:00,8.621115341042577
2024/12/19 19:15,8.609762151012164
2024/12/19 19:30,8.564067590432208
2024/12/19 19:45,8.528412336374114
2024/12/19 20:00,8.34517479835719
2024/12/19 20:15,8.150033559912309
2024/12/19 20:30,8.06027509081498
2024/12/19 20:45,7.640959480153374
2024/12/19 21:00,7.300365522922371
2024/12/19 21:15,6.864623090330802
2024/12/19 21:30,6.470628260193887
2024/12/19 21:45,6.172677774271565
2024/12/19 22:00,5.768822451676207
2024/12/19 22:15,5.652325997533386
2024/12/19 22:30,5.325451781811438
2024/12/19 22:45,5.197048230990771
2024/12/19 23:00,5.1230182718081805
2024/12/19 23:15,5.1735680519480525
2024/12/19 23:30,5.345193755411255
2024/12/19 23:45,5.584667081936758
2024/12/20 0:00,5.759002795485535
2024/12/20 0:15,5.895326831844812
2024/12/20 0:30,6.16868717886276
2024/12/20 0:45,6.542706769578237
2024/12/20 1:00,6.794121312255767
2024/12/20 1:15,7.11290591758883
2024/12/20 1:30,7.243284299614938
2024/12/20 1:45,7.285494008909316
2024/12/20 2:00,7.2599193180241794
2024/12/20 2:15,7.264407430483902
2024/12/20 2:30,7.154158499303744
2024/12/20 2:45,6.643343609561828
2024/12/20 3:00,6.480344593101946
2024/12/20 3:15,6.160295633250363
2024/12/20 3:30,5.807114984633069
2024/12/20 3:45,5.416074253436299
2024/12/20 4:00,4.9250341812241
2024/12/20 4:15,4.545412497026033
2024/12/20 4:30,4.149645779078849
2024/12/20 4:45,3.759541389552707
2024/12/20 5:00,3.515967804473485
2024/12/20 5:15,3.046815376048904
2024/12/20 5:30,2.8644222538713278
2024/12/20 5:45,2.558795041261292
2024/12/20 6:00,2.4851266625479167
2024/12/20 6:15,2.458416283705402
2024/12/20 6:30,2.347725620101152
2024/12/20 6:45,2.3321396079148187
2024/12/20 7:00,2.3451641425288763
2024/12/20 7:15,2.529790257313288
2024/12/20 7:30,2.628098623362874
2024/12/20 7:45,2.8848451308329515
2024/12/20 8:00,3.0247377936698547
2024/12/20 8:15,3.112363538961037
2024/12/20 8:30,3.379587800866523
2024/12/20 8:45,3.666373844044845
2024/12/20 9:00,3.7424925330949246
2024/12/20 9:15,3.9646380340658696
2024/12/20 9:30,4.204519607870076
2024/12/20 9:45,4.620035807171646
2024/12/20 10:00,4.646076668140841
2024/12/20 10:15,5.262875479977541
2024/12/20 10:30,5.480319437844843
2024/12/20 10:45,5.78771141365903
2024/12/20 11:00,6.065805674121442
2024/12/20 11:15,6.325242337649425
2024/12/20 11:30,6.522152705355728
2024/12/20 11:45,6.758723953735877
2024/12/20 12:00,7.210001909213472
2024/12/20 12:15,7.263562112411903
2024/12/20 12:30,7.425761296594151
2024/12/20 12:45,7.773482224024234
2024/12/20 13:00,7.941119916977618
2024/12/20 13:15,8.040831754704378
2024/12/20 13:30,8.136500214642671
2024/12/20 13:45,8.179403617780595
2024/12/20 14:00,8.220284434739439
2024/12/20 14:15,8.228946425120775
2024/12/20 14:30,8.230393964754482
2024/12/20 14:45,8.155258491470404
2024/12/20 15:00,8.193254441258983
2024/12/20 15:15,8.141953795676049
2024/12/20 15:30,8.124356038362802
2024/12/20 15:45,7.932597592798974
2024/12/20 16:00,7.854302250342045
2024/12/20 16:15,7.858706325744898
2024/12/20 16:30,7.853475660967606
2024/12/20 16:45,7.827144301033619
2024/12/20 17:00,7.871736949955127
2024/12/20 17:15,7.876661734753421
2024/12/20 17:30,7.923960868425318
2024/12/20 17:45,7.934930237144093
2024/12/20 18:00,8.163221685215635
2024/12/20 18:15,8.143161552685202
2024/12/20 18:30,8.529521750423907
2024/12/20 18:45,8.37418325937951
2024/12/20 19:00,8.351723076254475
2024/12/20 19:15,8.554225216012698
2024/12/20 19:30,8.638548001533355
2024/12/20 19:45,8.581707955404584
2024/12/20 20:00,8.245925129500122
2024/12/20 20:15,8.173890262231374
2024/12/20 20:30,7.8699323016803024
2024/12/20 20:45,7.605292601392465
2024/12/20 21:00,7.261649580047549
2024/12/20 21:15,6.701006379551819
2024/12/20 21:30,6.519746448634992
2024/12/20 21:45,6.0912515627251445
2024/12/20 22:00,5.874545064498042
2024/12/20 22:15,5.526720854482295
2024/12/20 22:30,5.251403283925847
2024/12/20 22:45,5.091381639431419
2024/12/20 23:00,5.170703559898708
2024/12/20 23:15,5.199154393939394
2024/12/20 23:30,5.32198128066378
2024/12/20 23:45,5.401114166666666
2024/12/21 0:00,6.137525784025282
2024/12/21 0:15,6.811561331168832
2024/12/21 0:30,7.336386746031742
2024/12/21 0:45,7.834434942279943
2024/12/21 1:00,8.234499213310844
2024/12/21 1:15,8.560604620991578
2024/12/21 1:30,8.625301822834059
2024/12/21 1:45,8.438036268511773
2024/12/21 2:00,7.933005240871516
2024/12/21 2:15,7.56682412038597
2024/12/21 2:30,6.941009422530204
2024/12/21 2:45,6.225406277056279
2024/12/21 3:00,5.326052029125845
2024/12/21 3:15,4.934477452515187
2024/12/21 3:30,3.9859589960529656
2024/12/21 3:45,3.3283597903485407
2024/12/21 4:00,2.824265420755714
2024/12/21 4:15,2.392191994645372
2024/12/21 4:30,2.0277038095238096
2024/12/21 4:45,1.8565575121256737
2024/12/21 5:00,1.6669275567799315
2024/12/21 5:15,1.650070583570761
2024/12/21 5:30,1.6984774316291074
2024/12/21 5:45,1.8330401916378027
2024/12/21 6:00,2.0324467978671668
2024/12/21 6:15,2.106827544158454
2024/12/21 6:30,2.368524694829911
2024/12/21 6:45,2.628667163461805
2024/12/21 7:00,3.1860924242663478
2024/12/21 7:15,3.747156862026863
2024/12/21 7:30,4.078765717234249
2024/12/21 7:45,4.217605167051358
2024/12/21 8:00,4.384311262071262
2024/12/21 8:15,4.948075670387118
2024/12/21 8:30,5.278615827933554
2024/12/21 8:45,5.222344697802198
2024/12/21 9:00,5.610470209524664
2024/12/21 9:15,5.646616788722278
2024/12/21 9:30,5.821805872938308
2024/12/21 9:45,5.74531584898194
2024/12/21 10:00,5.673592986658876
2024/12/21 10:15,5.512082031061176
2024/12/21 10:30,5.2612801732569405
2024/12/21 10:45,4.957031681598135
2024/12/21 11:00,4.479452979186283
2024/12/21 11:15,4.35342800726911
2024/12/21 11:30,3.9264462562184654
2024/12/21 11:45,3.64272767796242
2024/12/21 12:00,3.2554287557869976
2024/12/21 12:15,2.8883637646861287
2024/12/21 12:30,2.641760356582136
2024/12/21 12:45,2.423127119700613
2024/12/21 13:00,2.2891070160640017
2024/12/21 13:15,2.0998556822614978
2024/12/21 13:30,2.1116556250813017
2024/12/21 13:45,2.0613616226008533
2024/12/21 14:00,2.108624473081578
2024/12/21 14:15,2.158930453018044
2024/12/21 14:30,2.3601457137281794
2024/12/21 14:45,2.404470517791937
2024/12/21 15:00,2.780037898575709
2024/12/21 15:15,3.033869262675568
2024/12/21 15:30,3.254293305266202
2024/12/21 15:45,3.6104333388458874
2024/12/21 16:00,3.979510876909668
2024/12/21 16:15,4.354128671607963
2024/12/21 16:30,4.7587537173653
2024/12/21 16:45,5.06588240028995
2024/12/21 17:00,5.523771835393144
2024/12/21 17:15,6.015849658579552
2024/12/21 17:30,6.186813290202033
2024/12/21 17:45,6.558184498673528
2024/12/21 18:00,6.794257015604012
2024/12/21 18:15,7.052456343535847
2024/12/21 18:30,7.130116673013779
2024/12/21 18:45,7.244081958244167
2024/12/21 19:00,7.296569483213769
2024/12/21 19:15,7.265339042687956
2024/12/21 19:30,7.214328559812604
2024/12/21 19:45,7.166657162228629
2024/12/21 20:00,6.7015291071812975
2024/12/21 20:15,6.568276366688865
2024/12/21 20:30,6.196700865523367
2024/12/21 20:45,6.015791435786436
2024/12/21 21:00,5.533645397443035
2024/12/21 21:15,5.263825400071449
2024/12/21 21:30,4.848927941657012
2024/12/21 21:45,4.593889575752534
2024/12/21 22:00,4.502447104111527
2024/12/21 22:15,4.232468386508353
2024/12/21 22:30,4.237996542088343
2024/12/21 22:45,4.411207905505469
2024/12/21 23:00,4.735328539197731
2024/12/21 23:15,4.86370608175634
2024/12/21 23:30,5.199765880125914
2024/12/21 23:45,5.63047901549627
2024/12/22 0:00,6.224107047435719
2024/12/22 0:15,6.899065746045148
2024/12/22 0:30,7.354802345223858
2024/12/22 0:45,7.869774751622645
2024/12/22 1:00,8.23082559696882
2024/12/22 1:15,8.503503377482732
2024/12/22 1:30,8.471155075643633
2024/12/22 1:45,8.364302453229818
2024/12/22 2:00,8.049274555259224
2024/12/22 2:15,7.564389776419687
2024/12/22 2:30,6.8301258217281
2024/12/22 2:45,6.152285473738146
2024/12/22 3:00,5.480021089976443
2024/12/22 3:15,4.63000581168831
2024/12/22 3:30,3.9567007420865057
2024/12/22 3:45,3.4013464121796617
2024/12/22 4:00,2.808288567821068
2024/12/22 4:15,2.362285084662398
2024/12/22 4:30,2.043140776362141
2024/12/22 4:45,1.7224920122101544
2024/12/22 5:00,1.5252405793097663
2024/12/22 5:15,1.565345940432724
2024/12/22 5:30,1.6039096484565318
2024/12/22 5:45,1.8164474605987169
2024/12/22 6:00,1.9743072895758256
2024/12/22 6:15,2.165079805432897
2024/12/22 6:30,2.347075758452676
2024/12/22 6:45,2.328276374243106
2024/12/22 7:00,3.040090564643764
2024/12/22 7:15,3.477334558749795
2024/12/22 7:30,3.8399254709192654
2024/12/22 7:45,4.187510853750334
2024/12/22 8:00,4.620473577505871
2024/12/22 8:15,5.045480743507969
2024/12/22 8:30,5.3279826833628645
2024/12/22 8:45,5.5044482813940085
2024/12/22 9:00,5.651161784550934
2024/12/22 9:15,5.700376543882948
2024/12/22 9:30,5.802461562916384
2024/12/22 9:45,5.762035625464248
2024/12/22 10:00,5.567788295445705
2024/12/22 10:15,5.245138524154129
2024/12/22 10:30,5.157731067931128
2024/12/22 10:45,4.893361499757657
2024/12/22 11:00,4.6624739142583245
2024/12/22 11:15,4.282332405001278
2024/12/22 11:30,3.90798369084868
2024/12/22 11:45,3.5143950918329807
2024/12/22 12:00,3.2152118059491688
2024/12/22 12:15,2.8891297123579887
2024/12/22 12:30,2.5645006725056
2024/12/22 12:45,2.4716097921242457
2024/12/22 13:00,2.223452949515291
2024/12/22 13:15,2.1005002628727016
2024/12/22 13:30,2.0504411619092933
2024/12/22 13:45,2.076342021976949
2024/12/22 14:00,2.067888529967259
2024/12/22 14:15,2.2053305423599743
2024/12/22 14:30,2.1241729674848955
2024/12/22 14:45,2.433583701606183
2024/12/22 15:00,2.842850821043445
2024/12/22 15:15,2.931397435997878
2024/12/22 15:30,3.2616036032814937
2024/12/22 15:45,3.689618309248816
2024/12/22 16:00,4.000294561403509
2024/12/22 16:15,4.535874073197838
2024/12/22 16:30,4.775222035834404
2024/12/22 16:45,5.160136919391729
2024/12/22 17:00,5.595728831741644
2024/12/22 17:15,5.833231689075473
2024/12/22 17:30,6.255202890776152
2024/12/22 17:45,6.5203478576471126
2024/12/22 18:00,6.766429404581454
2024/12/22 18:15,6.940214689174187
2024/12/22 18:30,7.187859995013067
2024/12/22 18:45,7.286217235107802
2024/12/22 19:00,7.278503467861766
2024/12/22 19:15,7.192143973122672
2024/12/22 19:30,7.155505540002515
2024/12/22 19:45,7.044632307478029
2024/12/22 20:00,6.799793793908374
2024/12/22 20:15,6.545579862521017
2024/12/22 20:30,6.240304298268022
2024/12/22 20:45,5.838475951811953
2024/12/22 21:00,5.566373484298701
2024/12/22 21:15,5.224685078818533
2024/12/22 21:30,4.905872180454692
2024/12/22 21:45,4.5685660981796925
2024/12/22 22:00,4.450725113886112
2024/12/22 22:15,4.289937713444495
2024/12/22 22:30,4.329417687908063
2024/12/22 22:45,4.606685936792838
2024/12/22 23:00,4.671227350588011
2024/12/22 23:15,4.773907962037206
2024/12/22 23:30,5.206606253401031
2024/12/22 23:45,5.605939737019536
2024/12/23 0:00,6.22933387953717
2024/12/23 0:15,6.788117371079778
2024/12/23 0:30,7.306088155265959
2024/12/23 0:45,7.4775420036989715
2024/12/23 1:00,8.140899529108784
2024/12/23 1:15,8.437962351178232
2024/12/23 1:30,8.433499364260646
2024/12/23 1:45,8.349920804592347
2024/12/23 2:00,7.987231860902257
2024/12/23 2:15,7.483192862799914
2024/12/23 2:30,6.915048548587865
2024/12/23 2:45,6.190651409370205
2024/12/23 3:00,5.527482220760235
2024/12/23 3:15,4.599805638528139
2024/12/23 3:30,3.9479262978301377
2024/12/23 3:45,3.349913342116821
2024/12/23 4:00,2.713378455988456
2024/12/23 4:15,2.4765578571428564
2024/12/23 4:30,1.99130441526352
2024/12/23 4:45,1.8051543315333507
2024/12/23 5:00,1.7249938184003475
2024/12/23 5:15,1.729900205167569
2024/12/23 5:30,1.7082956146315489
2024/12/23 5:45,1.8257700459327053
2024/12/23 6:00,1.8886553528754464
2024/12/23 6:15,2.146746099534968
2024/12/23 6:30,2.174482543725647
2024/12/23 6:45,2.636734088387537
2024/12/23 7:00,3.041609408765788
2024/12/23 7:15,3.415042042925208
2024/12/23 7:30,3.812786081871345
2024/12/23 7:45,4.178586508103644
2024/12/23 8:00,4.637192503193225
2024/12/23 8:15,4.949278625465934
2024/12/23 8:30,5.194538564576516
2024/12/23 8:45,5.521451138256027
2024/12/23 9:00,5.657020809421635
2024/12/23 9:15,5.759513492335729
2024/12/23 9:30,5.794458176506712
2024/12/23 9:45,5.522905916430534
2024/12/23 10:00,5.639330888202437
2024/12/23 10:15,5.609571640434885
2024/12/23 10:30,5.353530971997726
2024/12/23 10:45,4.985496638020492
2024/12/23 11:00,4.641172978852813
2024/12/23 11:15,4.239525819058782
2024/12/23 11:30,3.8925256853527945
2024/12/23 11:45,3.5895191375008437
2024/12/23 12:00,3.218428980782009
2024/12/23 12:15,2.853907347584833
2024/12/23 12:30,2.680093098292227
2024/12/23 12:45,2.4593769500357867
2024/12/23 13:00,2.289675502127909
2024/12/23 13:15,2.1671559114943277
2024/12/23 13:30,2.094962083897567
2024/12/23 13:45,2.051133826182052
2024/12/23 14:00,2.163835299370616
2024/12/23 14:15,2.190900090274968
2024/12/23 14:30,2.2778113010967456
2024/12/23 14:45,2.366272861253665
2024/12/23 15:00,2.864482027931737
2024/12/23 15:15,3.106518462918319
2024/12/23 15:30,3.312725470204793
2024/12/23 15:45,3.841947022890486
2024/12/23 16:00,4.115438351859545
2024/12/23 16:15,4.448147262702704
2024/12/23 16:30,4.8029170839544975
2024/12/23 16:45,5.171027421297278
2024/12/23 17:00,5.562633337077296
2024/12/23 17:15,5.898235148496005
2024/12/23 17:30,6.191300706829744
2024/12/23 17:45,6.514309357920594
2024/12/23 18:00,6.830113731549813
2024/12/23 18:15,7.00057026294776
2024/12/23 18:30,7.099187471177548
2024/12/23 18:45,7.278246572684552
2024/12/23 19:00,7.329031468319929
2024/12/23 19:15,7.310456231983493
2024/12/23 19:30,7.166290707543061
2024/12/23 19:45,7.021499615333052
2024/12/23 20:00,6.756740097285753
2024/12/23 20:15,6.397815819368021
2024/12/23 20:30,6.181308793439031
2024/12/23 20:45,5.951535571833395
2024/12/23 21:00,5.641470382801994
2024/12/23 21:15,5.236696164312023
2024/12/23 21:30,5.01910292914244
2024/12/23 21:45,4.636272860946648
2024/12/23 22:00,4.420605516699032
2024/12/23 22:15,4.244508550618195
2024/12/23 22:30,4.260708033502375
2024/12/23 22:45,4.334787448248097
2024/12/23 23:00,4.449003034151158
2024/12/23 23:15,4.858956761383547
2024/12/23 23:30,5.208614558761649
2024/12/23 23:45,5.624697674673291
2024/12/24 0:00,6.159373198779129
2024/12/24 0:15,6.787427487064705
2024/12/24 0:30,7.1713604126723824
2024/12/24 0:45,7.904340484952932
2024/12/24 1:00,8.315570159358181
2024/12/24 1:15,8.531975785355685
2024/12/24 1:30,8.508534733191311
2024/12/24 1:45,8.390762585750041
2024/12/24 2:00,8.059375542222826
2024/12/24 2:15,7.557078514485544
2024/12/24 2:30,6.904013471097434
2024/12/24 2:45,6.174929522342397
2024/12/24 3:00,5.745128731830217
2024/12/24 3:15,4.648998621933622
2024/12/24 3:30,3.9322190261124224
2024/12/24 3:45,3.4486542021720976
2024/12/24 4:00,2.918779783549783
2024/12/24 4:15,2.379210125962789
2024/12/24 4:30,2.1269774842436977
2024/12/24 4:45,1.888895618376096
2024/12/24 5:00,1.675365426909162
2024/12/24 5:15,1.6939092327172665
2024/12/24 5:30,1.6656262857818749
2024/12/24 5:45,1.7687531700991013
2024/12/24 6:00,1.929830960526562
2024/12/24 6:15,2.20964237928735
2024/12/24 6:30,2.349541424927696
2024/12/24 6:45,2.753600952160109
2024/12/24 7:00,3.0727974401816818
2024/12/24 7:15,3.4413889593403013
2024/12/24 7:30,3.834568368363044
2024/12/24 7:45,4.209985112208583
2024/12/24 8:00,4.563848314730466
2024/12/24 8:15,4.935861768418647
2024/12/24 8:30,5.227550997206839
2024/12/24 8:45,5.582535010673036
2024/12/24 9:00,5.721888195637049
2024/12/24 9:15,5.692241605093063
2024/12/24 9:30,5.878374721747356
2024/12/24 9:45,5.7549948562139015
2024/12/24 10:00,5.255646687947535
2024/12/24 10:15,5.884358924535502
2024/12/24 10:30,5.293886771310072
2024/12/24 10:45,5.0950521662036445
2024/12/24 11:00,4.645933859854213
2024/12/24 11:15,4.043843825838184
2024/12/24 11:30,3.9198771945465207
2024/12/24 11:45,3.5001382900935183
2024/12/24 12:00,3.172597240413161
2024/12/24 12:15,2.97934962439414
2024/12/24 12:30,2.669307123657445
2024/12/24 12:45,2.3604915606203414
2024/12/24 13:00,2.202196765989113
2024/12/24 13:15,2.1245085438782625
2024/12/24 13:30,2.072958686443888
2024/12/24 13:45,2.128851454896315
2024/12/24 14:00,2.080870792017822
2024/12/24 14:15,2.1922029477381937
2024/12/24 14:30,2.229793739931282
2024/12/24 14:45,2.4875096138366533
2024/12/24 15:00,2.8732227355206743
2024/12/24 15:15,2.9778517950270214
2024/12/24 15:30,3.4625972574905086
2024/12/24 15:45,3.8295706086982433
2024/12/24 16:00,4.081276272018265
2024/12/24 16:15,4.4016344150973525
2024/12/24 16:30,4.756697099229374
2024/12/24 16:45,5.181022413214008
2024/12/24 17:00,5.496825054889091
2024/12/24 17:15,5.800552997306271
2024/12/24 17:30,6.089550598078612
2024/12/24 17:45,6.5239127289681225
2024/12/24 18:00,6.819717349770992
2024/12/24 18:15,7.0420885124684265
2024/12/24 18:30,7.174143549936824
2024/12/24 18:45,7.309436689556451
2024/12/24 19:00,7.254882722436458
2024/12/24 19:15,7.193184213710551
2024/12/24 19:30,7.125701627325927
2024/12/24 19:45,6.96693020157788
2024/12/24 20:00,6.662769866254709
2024/12/24 20:15,6.482313011907377
2024/12/24 20:30,6.269098999008293
2024/12/24 20:45,5.887350744700125
2024/12/24 21:00,5.5876146369812805
2024/12/24 21:15,5.2115619476818935
2024/12/24 21:30,4.873445904469719
2024/12/24 21:45,4.621505804989339
2024/12/24 22:00,4.423060120469012
2024/12/24 22:15,4.271022582579303
2024/12/24 22:30,4.251157744672654
2024/12/24 22:45,4.489667860195361
2024/12/24 23:00,4.599381129434279
2024/12/24 23:15,4.736001113190987
2024/12/24 23:30,5.168110578079075
2024/12/24 23:45,5.650745663841496
2024/12/25 0:00,6.271237367301453
2024/12/25 0:15,6.825663734739241
2024/12/25 0:30,7.356549401555221
2024/12/25 0:45,7.86759114661654
2024/12/25 1:00,8.309286498822813
2024/12/25 1:15,8.465069474570463
2024/12/25 1:30,8.477696433814566
2024/12/25 1:45,8.380283618246988
2024/12/25 2:00,7.915469490284623
2024/12/25 2:15,7.410121402611568
2024/12/25 2:30,6.952743178438823
2024/12/25 2:45,6.251736981289953
2024/12/25 3:00,5.435770844885579
2024/12/25 3:15,4.654270317460317
2024/12/25 3:30,3.942523323526207
2024/12/25 3:45,3.476263423141188
2024/12/25 4:00,2.8756595875104423
2024/12/25 4:15,2.3520515079365087
2024/12/25 4:30,1.9893415986935763
2024/12/25 4:45,1.8785214621374544
2024/12/25 5:00,1.717653178488756
2024/12/25 5:15,1.765302706136228
2024/12/25 5:30,1.7062375546929416
2024/12/25 5:45,1.834420159379769
2024/12/25 6:00,1.968458980900868
2024/12/25 6:15,2.1523793739481243
2024/12/25 6:30,2.390083362096556
2024/12/25 6:45,2.797099766452165
2024/12/25 7:00,3.046421888669945
2024/12/25 7:15,3.376150273190686
2024/12/25 7:30,3.879384900051861
2024/12/25 7:45,4.170093331770152
2024/12/25 8:00,4.600174189357389
2024/12/25 8:15,4.908045825355753
2024/12/25 8:30,5.186531477972799
2024/12/25 8:45,5.550322543804253
2024/12/25 9:00,5.709152096141078
2024/12/25 9:15,5.766394483985092
2024/12/25 9:30,5.744654962841443
2024/12/25 9:45,5.541669450186833
2024/12/25 10:00,5.575649803208209
2024/12/25 10:15,5.438457579761125
2024/12/25 10:30,5.235590777317279
2024/12/25 10:45,4.853488412380458
2024/12/25 11:00,4.451909219669219
2024/12/25 11:15,4.095209914505621
2024/12/25 11:30,3.8156216234100016
2024/12/25 11:45,3.503350480536108
2024/12/25 12:00,3.281233121913259
2024/12/25 12:15,2.864564518120192
2024/12/25 12:30,2.6958699509935697
2024/12/25 12:45,2.4895771187752485
2024/12/25 13:00,2.210380429425043
2024/12/25 13:15,2.0541832780596603
2024/12/25 13:30,2.133652881376474
2024/12/25 13:45,2.056336971534845
2024/12/25 14:00,2.104550205638955
2024/12/25 14:15,2.132898790822753
2024/12/25 14:30,2.330032820680965
2024/12/25 14:45,2.4816791098084825
2024/12/25 15:00,2.755821766221401
2024/12/25 15:15,3.1194949107877328
2024/12/25 15:30,3.3457546673910583
2024/12/25 15:45,3.5800386501426344
2024/12/25 16:00,3.912363366521386
2024/12/25 16:15,4.338911528888243
2024/12/25 16:30,4.743532822298684
2024/12/25 16:45,5.203848397281507
2024/12/25 17:00,5.539143045388654
2024/12/25 17:15,5.878263498535632
2024/12/25 17:30,6.135784413619202
2024/12/25 17:45,6.589378668614335
2024/12/25 18:00,6.814847925730136
2024/12/25 18:15,6.983428348915457
2024/12/25 18:30,7.159646875880314
2024/12/25 18:45,7.28076348141657
2024/12/25 19:00,7.296170790387272
2024/12/25 19:15,7.254002934620716
2024/12/25 19:30,7.191810045599771
2024/12/25 19:45,7.006598226913966
2024/12/25 20:00,6.790629305068333
2024/12/25 20:15,6.428545216528821
2024/12/25 20:30,6.17736061392858
2024/12/25 20:45,5.842679569290962
2024/12/25 21:00,5.609551534884723
2024/12/25 21:15,5.288476901549519
2024/12/25 21:30,4.905182981728084
2024/12/25 21:45,4.700158401939288
2024/12/25 22:00,4.375647580096249
2024/12/25 22:15,4.272240935964355
2024/12/25 22:30,4.322755915505895
2024/12/25 22:45,4.308842401120898
2024/12/25 23:00,4.488519113275331
2024/12/25 23:15,4.735675944833946
2024/12/25 23:30,5.242251189427123
2024/12/25 23:45,5.601791504031042
2024/12/26 0:00,5.884833821667885
2024/12/26 0:15,6.104597133435232
2024/12/26 0:30,6.280131056996477
2024/12/26 0:45,6.591935583481878
2024/12/26 1:00,6.963930500101301
2024/12/26 1:15,7.076596928692355
2024/12/26 1:30,7.211308673156675
2024/12/26 1:45,7.350007312019053
2024/12/26 2:00,7.314579036713931
2024/12/26 2:15,7.183034190814859
2024/12/26 2:30,7.1050694671852135
2024/12/26 2:45,6.6256092481010205
2024/12/26 3:00,6.670248374567076
2024/12/26 3:15,6.150243370211839
2024/12/26 3:30,5.834088272849178
2024/12/26 3:45,5.417490862491506
2024/12/26 4:00,5.047064651362908
2024/12/26 4:15,4.614593801198802
2024/12/26 4:30,4.043387189374953
2024/12/26 4:45,3.731985287702018
2024/12/26 5:00,3.3189166946266586
2024/12/26 5:15,3.101470795393149
2024/12/26 5:30,2.8868055658063936
2024/12/26 5:45,2.4374582341269844
2024/12/26 6:00,2.5832193906357337
2024/12/26 6:15,2.4707825287691487
2024/12/26 6:30,2.400712466120336
2024/12/26 6:45,2.367082767836758
2024/12/26 7:00,2.3742168055190813
2024/12/26 7:15,2.5723743479261465
2024/12/26 7:30,2.6788520295822518
2024/12/26 7:45,2.7413106021479137
2024/12/26 8:00,2.937023422089816
2024/12/26 8:15,3.072029623159988
2024/12/26 8:30,3.2092224783942607
2024/12/26 8:45,3.432371561282374
2024/12/26 9:00,3.765693865267583
2024/12/26 9:15,3.8766362398275978
2024/12/26 9:30,4.268179522034611
2024/12/26 9:45,4.5006702421373
2024/12/26 10:00,4.91661694888445
2024/12/26 10:15,5.271101003400654
2024/12/26 10:30,5.5524275429935175
2024/12/26 10:45,5.725576323247911
2024/12/26 11:00,6.06249323417794
2024/12/26 11:15,6.40380795957382
2024/12/26 11:30,6.65814598998224
2024/12/26 11:45,6.923200174825175
2024/12/26 12:00,7.297567398989901
2024/12/26 12:15,7.4488495238095265
2024/12/26 12:30,7.518901845238096
2024/12/26 12:45,7.795763206086439
2024/12/26 13:00,7.975008002495294
2024/12/26 13:15,8.028883396946256
2024/12/26 13:30,8.127762104573357
2024/12/26 13:45,8.23009621209387
2024/12/26 14:00,8.24163009675584
2024/12/26 14:15,8.254528156194604
2024/12/26 14:30,8.247574434914076
2024/12/26 14:45,8.255438260691841
2024/12/26 15:00,8.206562272433375
2024/12/26 15:15,8.036329365183324
2024/12/26 15:30,7.935045983877236
2024/12/26 15:45,7.92835597454325
2024/12/26 16:00,7.871829993600666
2024/12/26 16:15,7.803086692528391
2024/12/26 16:30,7.811732767937981
2024/12/26 16:45,7.819830729081425
2024/12/26 17:00,7.834620077520648
2024/12/26 17:15,7.832031358794259
2024/12/26 17:30,7.843699428203665
2024/12/26 17:45,7.962663739619774
2024/12/26 18:00,8.156520295893056
2024/12/26 18:15,8.2730491407569
2024/12/26 18:30,8.440250685443969
2024/12/26 18:45,8.51100916037232
2024/12/26 19:00,8.745073625811033
2024/12/26 19:15,8.608578616675205
2024/12/26 19:30,8.594128112446619
2024/12/26 19:45,8.587683733795926
2024/12/26 20:00,8.252187900589748
2024/12/26 20:15,8.178959151590806
2024/12/26 20:30,7.884868546522687
2024/12/26 20:45,7.721789213088916
2024/12/26 21:00,7.313281914406257
2024/12/26 21:15,6.965476217377272
2024/12/26 21:30,6.379400317868596
2024/12/26 21:45,5.492579393135843
2024/12/26 22:00,5.812718249932198
2024/12/26 22:15,5.475264880441867
2024/12/26 22:30,5.332857212814472
2024/12/26 22:45,5.166695373673512
2024/12/26 23:00,4.953788100711551
2024/12/26 23:15,5.214060099206349
2024/12/26 23:30,5.341449404761906
2024/12/26 23:45,5.547771851263902
2024/12/27 0:00,5.826559001576807
2024/12/27 0:15,5.8751549583765215
2024/12/27 0:30,6.20683144535691
2024/12/27 0:45,6.579519013995261
2024/12/27 1:00,6.8391649553757485
2024/12/27 1:15,7.137959583131346
2024/12/27 1:30,7.162506072626679
2024/12/27 1:45,7.234024184789694
2024/12/27 2:00,7.288975785604449
2024/12/27 2:15,7.200509631501966
2024/12/27 2:30,7.0288139061464685
2024/12/27 2:45,6.969998753306586
2024/12/27 3:00,6.66358636568218
2024/12/27 3:15,6.442566722703173
2024/12/27 3:30,5.90029964739368
2024/12/27 3:45,5.395453566062392
2024/12/27 4:00,5.0234208663140825
2024/12/27 4:15,4.418358577318276
2024/12/27 4:30,4.089984773119395
2024/12/27 4:45,3.746814914183714
2024/12/27 5:00,3.474596924418302
2024/12/27 5:15,2.933567554916426
2024/12/27 5:30,2.851466164179962
2024/12/27 5:45,2.3958729960317457
2024/12/27 6:00,2.507521053604016
2024/12/27 6:15,2.4202275344600266
2024/12/27 6:30,2.3867787215094194
2024/12/27 6:45,2.360825773325697
2024/12/27 7:00,2.3989346665151428
2024/12/27 7:15,2.4504757986967203
2024/12/27 7:30,2.5471262779595363
2024/12/27 7:45,2.8317424367199377
2024/12/27 8:00,2.8037595790603382
2024/12/27 8:15,3.0279129284216824
2024/12/27 8:30,3.259977527606084
2024/12/27 8:45,3.54524936556697
2024/12/27 9:00,3.6368153885471264
2024/12/27 9:15,3.9253371406857367
2024/12/27 9:30,4.230778571369997
2024/12/27 9:45,4.591259731886693
2024/12/27 10:00,4.877440334197245
2024/12/27 10:15,5.229739255774385
2024/12/27 10:30,5.406666288856476
2024/12/27 10:45,5.7347943731317965
2024/12/27 11:00,6.170229119246935
2024/12/27 11:15,6.348090028937986
2024/12/27 11:30,6.485138605826664
2024/12/27 11:45,6.756940688368653
2024/12/27 12:00,7.158276961958894
2024/12/27 12:15,7.267361877696125
2024/12/27 12:30,7.5789780675929554
2024/12/27 12:45,7.7919535377784594
2024/12/27 13:00,7.918832117262784
2024/12/27 13:15,8.073798839976599
2024/12/27 13:30,8.157919041606874
2024/12/27 13:45,8.350840851398543
2024/12/27 14:00,8.292243476654074
2024/12/27 14:15,8.270324763828846
2024/12/27 14:30,8.262638871560991
2024/12/27 14:45,8.262649632075139
2024/12/27 15:00,8.170342101388695
2024/12/27 15:15,8.117841371404417
2024/12/27 15:30,8.053310240847832
2024/12/27 15:45,7.959452415128856
2024/12/27 16:00,7.865554851686793
2024/12/27 16:15,7.842784522551098
2024/12/27 16:30,7.842438075821978
2024/12/27 16:45,7.800036298916799
2024/12/27 17:00,7.873114715451123
2024/12/27 17:15,7.870567576695907
2024/12/27 17:30,7.933031068759881
2024/12/27 17:45,7.9445521945918
2024/12/27 18:00,8.105797948772864
2024/12/27 18:15,8.194924620659384
2024/12/27 18:30,8.413103832333386
2024/12/27 18:45,8.5522419512391
2024/12/27 19:00,8.20586945007784
2024/12/27 19:15,8.516473454231608
2024/12/27 19:30,8.53402768905565
2024/12/27 19:45,8.519265988176175
2024/12/27 20:00,8.223288234657497
2024/12/27 20:15,8.096929443384713
2024/12/27 20:30,7.847523242584498
2024/12/27 20:45,7.752081138564546
2024/12/27 21:00,7.192920585791329
2024/12/27 21:15,6.76790884520582
2024/12/27 21:30,6.276059169328995
2024/12/27 21:45,6.169442877148344
2024/12/27 22:00,5.731288286204447
2024/12/27 22:15,5.602328542078336
2024/12/27 22:30,5.2884056914818265
2024/12/27 22:45,5.1370244457563885
2024/12/27 23:00,5.089561964285715
2024/12/27 23:15,5.213450483405484
2024/12/27 23:30,5.30810534046028
2024/12/27 23:45,5.569477968975467
2024/12/28 0:00,5.981531461397578
2024/12/28 0:15,6.521812131918263
2024/12/28 0:30,7.248988838383842
2024/12/28 0:45,7.78951142496392
2024/12/28 1:00,8.295848114687242
2024/12/28 1:15,8.635309261944451
2024/12/28 1:30,8.460586943958509
2024/12/28 1:45,8.351174545467718
2024/12/28 2:00,7.9514638585697455
2024/12/28 2:15,7.56434939230444
2024/12/28 2:30,6.823314147904743
2024/12/28 2:45,6.155275926850927
2024/12/28 3:00,5.825320158730159
2024/12/28 3:15,4.682206626984126
2024/12/28 3:30,4.054325868929171
2024/12/28 3:45,3.3720240650050424
2024/12/28 4:00,2.826872132034633
2024/12/28 4:15,2.382858087770084
2024/12/28 4:30,2.196130793650794
2024/12/28 4:45,1.952865236144112
2024/12/28 5:00,1.745747498104312
2024/12/28 5:15,1.694386238354737
2024/12/28 5:30,1.7405390396680638
2024/12/28 5:45,1.8665475450591336
2024/12/28 6:00,2.232885165359489
2024/12/28 6:15,2.2171327233770124
2024/12/28 6:30,2.4392958122696826
2024/12/28 6:45,2.696957106893604
2024/12/28 7:00,3.099478134671888
2024/12/28 7:15,3.4034098335546745
2024/12/28 7:30,3.901084839181288
2024/12/28 7:45,4.308629452723105
2024/12/28 8:00,4.586342582417583
2024/12/28 8:15,4.919563778097454
2024/12/28 8:30,5.333389392364434
2024/12/28 8:45,5.317408617354865
2024/12/28 9:00,5.600099087005953
2024/12/28 9:15,5.680622449258532
2024/12/28 9:30,5.8518261259001925
2024/12/28 9:45,5.723673324138781
2024/12/28 10:00,5.710484088375372
2024/12/28 10:15,5.395151985331234
2024/12/28 10:30,5.21001866978517
2024/12/28 10:45,4.972374321059843
2024/12/28 11:00,4.517673212098107
2024/12/28 11:15,4.3220284078213
2024/12/28 11:30,3.869319034518114
2024/12/28 11:45,3.645711899874958
2024/12/28 12:00,3.098558099031783
2024/12/28 12:15,2.7759763104976605
2024/12/28 12:30,2.6393984622484066
2024/12/28 12:45,2.426099779038758
2024/12/28 13:00,2.265779537655919
2024/12/28 13:15,2.118650204436091
2024/12/28 13:30,2.152005695535715
2024/12/28 13:45,2.03882872192592
2024/12/28 14:00,1.999201885420343
2024/12/28 14:15,2.194887024714724
2024/12/28 14:30,2.317774371921993
2024/12/28 14:45,2.469703166108872
2024/12/28 15:00,2.868756922711144
2024/12/28 15:15,3.26364992383448
2024/12/28 15:30,3.2348708439665588
2024/12/28 15:45,3.654896459406876
2024/12/28 16:00,3.965760436533685
2024/12/28 16:15,4.385911886705721
2024/12/28 16:30,4.940045102397603
2024/12/28 16:45,5.205559292377767
2024/12/28 17:00,5.548698967606083
2024/12/28 17:15,6.074059173029983
2024/12/28 17:30,6.277516817159449
2024/12/28 17:45,6.585366132604703
2024/12/28 18:00,6.823008174344329
2024/12/28 18:15,6.98439262592679
2024/12/28 18:30,7.157360749219112
2024/12/28 18:45,7.298727310867143
2024/12/28 19:00,7.293262839222116
2024/12/28 19:15,7.245688835080171
2024/12/28 19:30,7.165815838370998
2024/12/28 19:45,7.095416586202192
2024/12/28 20:00,6.531046928071929
2024/12/28 20:15,6.429218322510823
2024/12/28 20:30,6.271516771284272
2024/12/28 20:45,5.90744607892429
2024/12/28 21:00,5.603938248968915
2024/12/28 21:15,5.180426882963031
2024/12/28 21:30,4.861676456346985
2024/12/28 21:45,4.570848901301358
2024/12/28 22:00,4.398545867320314
2024/12/28 22:15,4.356864711963654
2024/12/28 22:30,4.320898521339743
2024/12/28 22:45,4.488531985863326
2024/12/28 23:00,4.462451038344187
2024/12/28 23:15,4.792212016365826
2024/12/28 23:30,5.075844583309345
2024/12/28 23:45,5.323826706946366
2024/12/29 0:00,6.040872544850296
2024/12/29 0:15,6.864865327440416
2024/12/29 0:30,7.410500208368367
2024/12/29 0:45,7.82876774365829
2024/12/29 1:00,8.208521616031023
2024/12/29 1:15,8.614492138385065
2024/12/29 1:30,8.53025060781922
2024/12/29 1:45,8.392989867525637
2024/12/29 2:00,7.873543892813473
2024/12/29 2:15,7.522984144544298
2024/12/29 2:30,6.910106255459692
2024/12/29 2:45,6.691054527418159
2024/12/29 3:00,5.328876756657608
2024/12/29 3:15,4.585962023809524
2024/12/29 3:30,4.041625748366013
2024/12/29 3:45,3.3540158056830127
2024/12/29 4:00,2.7609517272051143
2024/12/29 4:15,2.396695295562292
2024/12/29 4:30,2.0075525884432297
2024/12/29 4:45,1.838435615619292
2024/12/29 5:00,1.7185921702317777
2024/12/29 5:15,1.677195977812835
2024/12/29 5:30,1.7417666970308918
2024/12/29 5:45,1.8641512811924867
2024/12/29 6:00,1.929135300793977
2024/12/29 6:15,2.2366938317637657
2024/12/29 6:30,2.426113085649913
2024/12/29 6:45,2.6474183938863005
2024/12/29 7:00,3.003566319953903
2024/12/29 7:15,3.4189710660610872
2024/12/29 7:30,3.860106151653215
2024/12/29 7:45,4.069291838956882
2024/12/29 8:00,4.427395159149857
2024/12/29 8:15,4.817726419329577
2024/12/29 8:30,5.098751985660713
2024/12/29 8:45,5.513551051308784
2024/12/29 9:00,5.676679239927611
2024/12/29 9:15,5.700548892916028
2024/12/29 9:30,5.764943689753944
2024/12/29 9:45,5.761254031630443
2024/12/29 10:00,5.687873467877904
2024/12/29 10:15,5.413502487087729
2024/12/29 10:30,5.298281637176839
2024/12/29 10:45,5.034150422095936
2024/12/29 11:00,4.62762143754363
2024/12/29 11:15,4.256266128280053
2024/12/29 11:30,3.809520825504906
2024/12/29 11:45,3.3134182260995577
2024/12/29 12:00,3.238643001816692
2024/12/29 12:15,2.892288258904788
2024/12/29 12:30,2.653083541088139
2024/12/29 12:45,2.519802145806078
2024/12/29 13:00,2.38101553826185
2024/12/29 13:15,2.15889935624698
2024/12/29 13:30,2.0713345599193
2024/12/29 13:45,2.064695083799668
2024/12/29 14:00,2.0637983457994973
2024/12/29 14:15,2.1043965966501905
2024/12/29 14:30,2.2623666858602904
2024/12/29 14:45,2.567100228857507
2024/12/29 15:00,2.827215616339408
2024/12/29 15:15,3.005196965121657
2024/12/29 15:30,3.2132203438323064
2024/12/29 15:45,3.716978316433023
2024/12/29 16:00,4.068664162246484
2024/12/29 16:15,4.560087955788494
2024/12/29 16:30,4.775116995601181
2024/12/29 16:45,5.139524032301551
2024/12/29 17:00,5.643180379122872
2024/12/29 17:15,5.886479523906832
2024/12/29 17:30,6.36684586966831
2024/12/29 17:45,6.462402132639942
2024/12/29 18:00,6.753564590217898
2024/12/29 18:15,7.030222812734637
2024/12/29 18:30,7.175984697192416
2024/12/29 18:45,7.272017655331446
2024/12/29 19:00,7.276638536556264
2024/12/29 19:15,7.243500610348871
2024/12/29 19:30,7.183897350275001
2024/12/29 19:45,6.888478488003426
2024/12/29 20:00,6.796393867517992
2024/12/29 20:15,6.607989246671492
2024/12/29 20:30,6.188712666263607
2024/12/29 20:45,5.884754850079844
2024/12/29 21:00,5.650522624490663
2024/12/29 21:15,5.2610910346571735
2024/12/29 21:30,4.968650749761284
2024/12/29 21:45,4.658458398189811
2024/12/29 22:00,4.500427039316361
2024/12/29 22:15,4.325486098600376
2024/12/29 22:30,4.254953751258022
2024/12/29 22:45,4.289746916918841
2024/12/29 23:00,4.489699329302686
2024/12/29 23:15,4.6914226542799415
2024/12/29 23:30,5.001776428842568
2024/12/29 23:45,5.617119832310388
2024/12/30 0:00,6.1851611861346365
2024/12/30 0:15,6.875025808427686
2024/12/30 0:30,7.3042520432352545
2024/12/30 0:45,7.875458161560659
2024/12/30 1:00,8.200213417493638
2024/12/30 1:15,8.60472289624719
2024/12/30 1:30,8.542045324288111
2024/12/30 1:45,8.604321283954642
2024/12/30 2:00,7.9272545987716
2024/12/30 2:15,7.552990215790635
2024/12/30 2:30,7.04171662175496
2024/12/30 2:45,6.159039298247771
2024/12/30 3:00,5.432033366607807
2024/12/30 3:15,4.577535912698412
2024/12/30 3:30,3.9598329034331687
2024/12/30 3:45,3.306747215562216
2024/12/30 4:00,2.73833139279348
2024/12/30 4:15,2.4033848401113103
2024/12/30 4:30,1.9743810027614288
2024/12/30 4:45,1.7803311162923654
2024/12/30 5:00,1.5219064712944863
2024/12/30 5:15,1.5656435478347124
2024/12/30 5:30,1.614143253682564
2024/12/30 5:45,1.7928169669010856
2024/12/30 6:00,1.929605182595183
2024/12/30 6:15,2.1544965241702747
2024/12/30 6:30,2.479219990433194
2024/12/30 6:45,2.6425578454713365
2024/12/30 7:00,3.0892929980539243
2024/12/30 7:15,3.512109067574302
2024/12/30 7:30,3.80524951043526
2024/12/30 7:45,4.228030705166288
2024/12/30 8:00,4.705941231296449
2024/12/30 8:15,4.885994004578163
2024/12/30 8:30,5.147972744895539
2024/12/30 8:45,5.554707270328184
2024/12/30 9:00,5.682239720651559
2024/12/30 9:15,5.792744723740353
2024/12/30 9:30,5.7831753741869845
2024/12/30 9:45,5.76388151020479
2024/12/30 10:00,5.696244520531447
2024/12/30 10:15,5.497869002443436
2024/12/30 10:30,5.18325190962359
2024/12/30 10:45,4.933824390661951
2024/12/30 11:00,4.666022158476752
2024/12/30 11:15,4.218935900604266
2024/12/30 11:30,3.9502333886080057
2024/12/30 11:45,3.522828411844531
2024/12/30 12:00,3.193135758054337
2024/12/30 12:15,2.825831361093318
2024/12/30 12:30,2.670666275092707
2024/12/30 12:45,2.471806869750374
2024/12/30 13:00,2.1045614032017124
2024/12/30 13:15,2.187683163649569
2024/12/30 13:30,2.106373921109808
2024/12/30 13:45,2.0585491453901104
2024/12/30 14:00,2.1045674142334825
2024/12/30 14:15,2.1352410498930885
2024/12/30 14:30,2.276954061652122
2024/12/30 14:45,2.518318972755585
2024/12/30 15:00,2.7425165945567063
2024/12/30 15:15,3.025442084657251
2024/12/30 15:30,3.3069681129205013
2024/12/30 15:45,3.6693101066577993
2024/12/30 16:00,4.064724143851931
2024/12/30 16:15,4.41225431299494
2024/12/30 16:30,4.8259263860084936
2024/12/30 16:45,5.007377649039041
2024/12/30 17:00,5.490239455193484
2024/12/30 17:15,5.916743827437209
2024/12/30 17:30,6.270432866437486
2024/12/30 17:45,6.501304147994221
2024/12/30 18:00,6.846435410653713
2024/12/30 18:15,7.016147044877714
2024/12/30 18:30,7.219795644625177
2024/12/30 18:45,7.272319001687122
2024/12/30 19:00,7.282928169385257
2024/12/30 19:15,7.461625205957968
2024/12/30 19:30,7.166717340249071
2024/12/30 19:45,7.022500080278195
2024/12/30 20:00,6.836647184008801
2024/12/30 20:15,6.522231588211683
2024/12/30 20:30,6.161711747470797
2024/12/30 20:45,5.900433253083247
2024/12/30 21:00,5.639831142080473
2024/12/30 21:15,5.3014602829815685
2024/12/30 21:30,4.928840749950511
2024/12/30 21:45,4.788924172692061
2024/12/30 22:00,4.6008173635980345
2024/12/30 22:15,4.3207010067262
2024/12/30 22:30,4.280350055856006
2024/12/30 22:45,4.281630608959295
2024/12/30 23:00,4.528869323454323
2024/12/30 23:15,4.794069454966168
2024/12/30 23:30,5.177655447206769
2024/12/30 23:45,5.611324814089287
2024/12/31 0:00,6.181467595335652
2024/12/31 0:15,6.750225290187233
2024/12/31 0:30,7.340010732722578
2024/12/31 0:45,8.138997501445557
2024/12/31 1:00,8.26480575353826
2024/12/31 1:15,8.53439721092711
2024/12/31 1:30,8.486307966786843
2024/12/31 1:45,8.383888853231793
2024/12/31 2:00,7.957153698520436
2024/12/31 2:15,7.551766304707327
2024/12/31 2:30,6.888965190092539
2024/12/31 2:45,6.1491157214983625
2024/12/31 3:00,5.410696657509158
2024/12/31 3:15,4.687630238095237
2024/12/31 3:30,3.93976934595848
2024/12/31 3:45,3.2863861430080856
2024/12/31 4:00,2.740706454924074
2024/12/31 4:15,2.321381841214341
2024/12/31 4:30,1.9984200793650784
2024/12/31 4:45,1.8433204718563416
2024/12/31 5:00,1.744739373265364
2024/12/31 5:15,1.6998438182579494
2024/12/31 5:30,1.7196521835603644
2024/12/31 5:45,1.8279356702496043
2024/12/31 6:00,1.9055439679051591
2024/12/31 6:15,2.1904165523464902
2024/12/31 6:30,2.473321421395793
2024/12/31 6:45,2.8550886405395284
2024/12/31 7:00,3.4947691397782523
2024/12/31 7:15,3.328439049662199
2024/12/31 7:30,3.8026601971017495
2024/12/31 7:45,4.177752851204308
2024/12/31 8:00,4.525908500982677
2024/12/31 8:15,4.999279485711168
2024/12/31 8:30,5.184699533687641
2024/12/31 8:45,5.557839013022712
2024/12/31 9:00,5.685121563975529
2024/12/31 9:15,5.75580716130866
2024/12/31 9:30,5.826355506104237
2024/12/31 9:45,5.75057580221587
2024/12/31 10:00,5.6907909240231485
2024/12/31 10:15,5.427189811413957
2024/12/31 10:30,5.395575335356345
2024/12/31 10:45,4.95218655401572
2024/12/31 11:00,4.628083388941988
2024/12/31 11:15,4.1454710658500575
2024/12/31 11:30,3.9159988128831222
2024/12/31 11:45,3.5389744959123344
2024/12/31 12:00,3.1833309082597263
2024/12/31 12:15,2.891695397548385
2024/12/31 12:30,2.663089605941638
2024/12/31 12:45,2.3524970767269413
2024/12/31 13:00,2.236940091178948
2024/12/31 13:15,2.152925863111076
2024/12/31 13:30,2.1404573478605458
2024/12/31 13:45,2.0071077707482288
2024/12/31 14:00,2.068850305011536
2024/12/31 14:15,2.126686202871413
2024/12/31 14:30,2.2925278417586856
2024/12/31 14:45,2.465564269372467
2024/12/31 15:00,2.780781350032288
2024/12/31 15:15,2.976614489190786
2024/12/31 15:30,3.308303226818277
2024/12/31 15:45,3.6039750322438846
2024/12/31 16:00,3.98632484530676
2024/12/31 16:15,4.367912243449296
2024/12/31 16:30,4.629638468658118
2024/12/31 16:45,5.175760922788365
2024/12/31 17:00,5.489255192686095
2024/12/31 17:15,6.004218530595175
2024/12/31 17:30,6.287934956675737
2024/12/31 17:45,6.480514297588876
2024/12/31 18:00,6.846954484348188
2024/12/31 18:15,7.109928130456771
2024/12/31 18:30,7.204880976496545
2024/12/31 18:45,7.273312119033055
2024/12/31 19:00,7.266006869387597
2024/12/31 19:15,7.183133059666106
2024/12/31 19:30,7.143121658218353
2024/12/31 19:45,7.003087400934643
2024/12/31 20:00,6.791882501607411
2024/12/31 20:15,6.552628164428791
2024/12/31 20:30,6.160787530395323
2024/12/31 20:45,6.119376615100702
2024/12/31 21:00,5.642529087064968
2024/12/31 21:15,5.205322076176869
2024/12/31 21:30,5.042206087787121
2024/12/31 21:45,4.679961140760141
2024/12/31 22:00,4.505354800909971
2024/12/31 22:15,4.251955868292879
2024/12/31 22:30,4.247196216073479
2024/12/31 22:45,4.298302626205962
2024/12/31 23:00,4.6031013355145785
2024/12/31 23:15,4.760902493341546
2024/12/31 23:30,5.167154898754941
2024/12/31 23:45,5.601707215355707
